,name,salary,link,url
0,Веб-дизайнер,60 000 — 75 000 руб./месяц,https://www.superjob.ru/vakansii/veb-dizajner-35539195.html,https://www.superjob.ru/vacancy/search/
1,Цифровой дизайнер / Графический дизайнер,65 000 — 80 000 руб./месяц,https://www.superjob.ru/vakansii/cifrovoj-dizajner-36268779.html,https://www.superjob.ru/vacancy/search/
2,Начинающий специалист / Младший Гейм дизайнер (Junior Game Designer),,https://hh.ru/vacancy/42802709?query=%D0%93%D0%B5%D0%B9%D0%BC%20%D0%94%D0%B8%D0%B7%D0%B0%D0%B9%D0%BD%D0%B5%D1%80,https://hh.ru/search/vacancy
3,Game Designer,до 50 000 руб.,https://hh.ru/vacancy/41527242?query=%D0%93%D0%B5%D0%B9%D0%BC%20%D0%94%D0%B8%D0%B7%D0%B0%D0%B9%D0%BD%D0%B5%D1%80,https://hh.ru/search/vacancy
4,"Руководитель отдела дизайна уровней (левел-дизайнер match-3, дизайнер уровней)",,https://hh.ru/vacancy/36958641?query=%D0%93%D0%B5%D0%B9%D0%BC%20%D0%94%D0%B8%D0%B7%D0%B0%D0%B9%D0%BD%D0%B5%D1%80,https://hh.ru/search/vacancy
5,Дизайнер игр/Game Designer,,https://hh.ru/vacancy/42204764?query=%D0%93%D0%B5%D0%B9%D0%BC%20%D0%94%D0%B8%D0%B7%D0%B0%D0%B9%D0%BD%D0%B5%D1%80,https://hh.ru/search/vacancy
6,Гейм-дизайнер (social casino проекты),,https://hh.ru/vacancy/40735878?query=%D0%93%D0%B5%D0%B9%D0%BC%20%D0%94%D0%B8%D0%B7%D0%B0%D0%B9%D0%BD%D0%B5%D1%80,https://hh.ru/search/vacancy
7,Game Designer (Features),,https://hh.ru/vacancy/41697256?query=%D0%93%D0%B5%D0%B9%D0%BC%20%D0%94%D0%B8%D0%B7%D0%B0%D0%B9%D0%BD%D0%B5%D1%80,https://hh.ru/search/vacancy
8,Game Designer,,https://hh.ru/vacancy/42813471?query=%D0%93%D0%B5%D0%B9%D0%BC%20%D0%94%D0%B8%D0%B7%D0%B0%D0%B9%D0%BD%D0%B5%D1%80,https://hh.ru/search/vacancy
9,Гейм-дизайнер / Game balance designer,,https://hh.ru/vacancy/41670135?query=%D0%93%D0%B5%D0%B9%D0%BC%20%D0%94%D0%B8%D0%B7%D0%B0%D0%B9%D0%BD%D0%B5%D1%80,https://hh.ru/search/vacancy
10,Гейм-дизайнер / Game balance designer,,https://hh.ru/vacancy/41670136?query=%D0%93%D0%B5%D0%B9%D0%BC%20%D0%94%D0%B8%D0%B7%D0%B0%D0%B9%D0%BD%D0%B5%D1%80,https://hh.ru/search/vacancy
11,Game Designer в обучающий проект для детей,от 150 000 руб.,https://hh.ru/vacancy/41853590?query=%D0%93%D0%B5%D0%B9%D0%BC%20%D0%94%D0%B8%D0%B7%D0%B0%D0%B9%D0%BD%D0%B5%D1%80,https://hh.ru/search/vacancy
12,Game Designer в обучающий проект для детей,от 150 000 руб.,https://hh.ru/vacancy/41853591?query=%D0%93%D0%B5%D0%B9%D0%BC%20%D0%94%D0%B8%D0%B7%D0%B0%D0%B9%D0%BD%D0%B5%D1%80,https://hh.ru/search/vacancy
13,Геймдизайнер/Gamedesigner,,https://hh.ru/vacancy/40336288?query=%D0%93%D0%B5%D0%B9%D0%BC%20%D0%94%D0%B8%D0%B7%D0%B0%D0%B9%D0%BD%D0%B5%D1%80,https://hh.ru/search/vacancy
14,Геймдизайнер/Gamedesigner,,https://hh.ru/vacancy/40336324?query=%D0%93%D0%B5%D0%B9%D0%BC%20%D0%94%D0%B8%D0%B7%D0%B0%D0%B9%D0%BD%D0%B5%D1%80,https://hh.ru/search/vacancy
15,Геймдизайнер/Gamedesigner,,https://hh.ru/vacancy/40336320?query=%D0%93%D0%B5%D0%B9%D0%BC%20%D0%94%D0%B8%D0%B7%D0%B0%D0%B9%D0%BD%D0%B5%D1%80,https://hh.ru/search/vacancy
16,Game designer,,https://hh.ru/vacancy/41828426?query=%D0%93%D0%B5%D0%B9%D0%BC%20%D0%94%D0%B8%D0%B7%D0%B0%D0%B9%D0%BD%D0%B5%D1%80,https://hh.ru/search/vacancy
17,Game Designer,,https://hh.ru/vacancy/42327314?query=%D0%93%D0%B5%D0%B9%D0%BC%20%D0%94%D0%B8%D0%B7%D0%B0%D0%B9%D0%BD%D0%B5%D1%80,https://hh.ru/search/vacancy
18,Game Designer/Producer,,https://hh.ru/vacancy/42885520?query=%D0%93%D0%B5%D0%B9%D0%BC%20%D0%94%D0%B8%D0%B7%D0%B0%D0%B9%D0%BD%D0%B5%D1%80,https://hh.ru/search/vacancy
19,Game Designer,,https://hh.ru/vacancy/42554850?query=%D0%93%D0%B5%D0%B9%D0%BC%20%D0%94%D0%B8%D0%B7%D0%B0%D0%B9%D0%BD%D0%B5%D1%80,https://hh.ru/search/vacancy
20,Game Designer,,https://hh.ru/vacancy/40684795?query=%D0%93%D0%B5%D0%B9%D0%BC%20%D0%94%D0%B8%D0%B7%D0%B0%D0%B9%D0%BD%D0%B5%D1%80,https://hh.ru/search/vacancy
21,Game Designer,,https://hh.ru/vacancy/42554538?query=%D0%93%D0%B5%D0%B9%D0%BC%20%D0%94%D0%B8%D0%B7%D0%B0%D0%B9%D0%BD%D0%B5%D1%80,https://hh.ru/search/vacancy
22,Game Designer,,https://hh.ru/vacancy/42554539?query=%D0%93%D0%B5%D0%B9%D0%BC%20%D0%94%D0%B8%D0%B7%D0%B0%D0%B9%D0%BD%D0%B5%D1%80,https://hh.ru/search/vacancy
23,Game Designer,,https://hh.ru/vacancy/42554540?query=%D0%93%D0%B5%D0%B9%D0%BC%20%D0%94%D0%B8%D0%B7%D0%B0%D0%B9%D0%BD%D0%B5%D1%80,https://hh.ru/search/vacancy
24,Level designer,,https://hh.ru/vacancy/42147990?query=%D0%93%D0%B5%D0%B9%D0%BC%20%D0%94%D0%B8%D0%B7%D0%B0%D0%B9%D0%BD%D0%B5%D1%80,https://hh.ru/search/vacancy
25,Level designer,,https://hh.ru/vacancy/42147991?query=%D0%93%D0%B5%D0%B9%D0%BC%20%D0%94%D0%B8%D0%B7%D0%B0%D0%B9%D0%BD%D0%B5%D1%80,https://hh.ru/search/vacancy
26,Level designer,,https://hh.ru/vacancy/42554496?query=%D0%93%D0%B5%D0%B9%D0%BC%20%D0%94%D0%B8%D0%B7%D0%B0%D0%B9%D0%BD%D0%B5%D1%80,https://hh.ru/search/vacancy
27,Game Designer (Zombie Shop),,https://hh.ru/vacancy/42818048?query=%D0%93%D0%B5%D0%B9%D0%BC%20%D0%94%D0%B8%D0%B7%D0%B0%D0%B9%D0%BD%D0%B5%D1%80,https://hh.ru/search/vacancy
28,Game Designer,,https://hh.ru/vacancy/42562151?query=%D0%93%D0%B5%D0%B9%D0%BC%20%D0%94%D0%B8%D0%B7%D0%B0%D0%B9%D0%BD%D0%B5%D1%80,https://hh.ru/search/vacancy
29,Level Designer,,https://hh.ru/vacancy/42631865?query=%D0%93%D0%B5%D0%B9%D0%BC%20%D0%94%D0%B8%D0%B7%D0%B0%D0%B9%D0%BD%D0%B5%D1%80,https://hh.ru/search/vacancy
30,Level Designer,,https://hh.ru/vacancy/42885922?query=%D0%93%D0%B5%D0%B9%D0%BC%20%D0%94%D0%B8%D0%B7%D0%B0%D0%B9%D0%BD%D0%B5%D1%80,https://hh.ru/search/vacancy
31,Senior Game Designer,от 100 000 руб.,https://hh.ru/vacancy/42805914?query=%D0%93%D0%B5%D0%B9%D0%BC%20%D0%94%D0%B8%D0%B7%D0%B0%D0%B9%D0%BD%D0%B5%D1%80,https://hh.ru/search/vacancy
32,Game Designer,,https://hh.ru/vacancy/42661259?query=%D0%93%D0%B5%D0%B9%D0%BC%20%D0%94%D0%B8%D0%B7%D0%B0%D0%B9%D0%BD%D0%B5%D1%80,https://hh.ru/search/vacancy
33,Геймдизайнер на гипер-казуальные игры/Hyper Casual Game Designer,1 000-2 000 USD,https://hh.ru/vacancy/42465661?query=%D0%93%D0%B5%D0%B9%D0%BC%20%D0%94%D0%B8%D0%B7%D0%B0%D0%B9%D0%BD%D0%B5%D1%80,https://hh.ru/search/vacancy
34,Level Game Designer,,https://hh.ru/vacancy/42514406?query=%D0%93%D0%B5%D0%B9%D0%BC%20%D0%94%D0%B8%D0%B7%D0%B0%D0%B9%D0%BD%D0%B5%D1%80,https://hh.ru/search/vacancy
35,Младший гейм-дизайнер / технический писатель,,https://hh.ru/vacancy/42742904?query=%D0%93%D0%B5%D0%B9%D0%BC%20%D0%94%D0%B8%D0%B7%D0%B0%D0%B9%D0%BD%D0%B5%D1%80,https://hh.ru/search/vacancy
36,Геймдизайнер на гипер-казуальные игры/Hyper Casual Game Designer,1 000-2 000 USD,https://hh.ru/vacancy/42465662?query=%D0%93%D0%B5%D0%B9%D0%BC%20%D0%94%D0%B8%D0%B7%D0%B0%D0%B9%D0%BD%D0%B5%D1%80,https://hh.ru/search/vacancy
37,Technical designer / Технический дизайнер,,https://hh.ru/vacancy/42929136?query=%D0%93%D0%B5%D0%B9%D0%BC%20%D0%94%D0%B8%D0%B7%D0%B0%D0%B9%D0%BD%D0%B5%D1%80,https://hh.ru/search/vacancy
38,Senior Game Designer,до 130 000 руб.,https://hh.ru/vacancy/42432401?query=%D0%93%D0%B5%D0%B9%D0%BC%20%D0%94%D0%B8%D0%B7%D0%B0%D0%B9%D0%BD%D0%B5%D1%80,https://hh.ru/search/vacancy
39,Game Designer,,https://hh.ru/vacancy/41544368?query=%D0%93%D0%B5%D0%B9%D0%BC%20%D0%94%D0%B8%D0%B7%D0%B0%D0%B9%D0%BD%D0%B5%D1%80,https://hh.ru/search/vacancy
40,Game Designer (Senior),,https://hh.ru/vacancy/41982121?query=%D0%93%D0%B5%D0%B9%D0%BC%20%D0%94%D0%B8%D0%B7%D0%B0%D0%B9%D0%BD%D0%B5%D1%80,https://hh.ru/search/vacancy
41,Начинающий специалист / Младший Гейм дизайнер (Junior Game Designer),,https://hh.ru/vacancy/42730696?query=%D0%93%D0%B5%D0%B9%D0%BC%20%D0%94%D0%B8%D0%B7%D0%B0%D0%B9%D0%BD%D0%B5%D1%80,https://hh.ru/search/vacancy
42,Senior Game Designer,,https://hh.ru/vacancy/42815565?query=%D0%93%D0%B5%D0%B9%D0%BC%20%D0%94%D0%B8%D0%B7%D0%B0%D0%B9%D0%BD%D0%B5%D1%80,https://hh.ru/search/vacancy
43,Game Designer / Producer (gamedev),,https://hh.ru/vacancy/41513714?query=%D0%93%D0%B5%D0%B9%D0%BC%20%D0%94%D0%B8%D0%B7%D0%B0%D0%B9%D0%BD%D0%B5%D1%80,https://hh.ru/search/vacancy
44,Senior Game Designer,,https://hh.ru/vacancy/42783545?query=%D0%93%D0%B5%D0%B9%D0%BC%20%D0%94%D0%B8%D0%B7%D0%B0%D0%B9%D0%BD%D0%B5%D1%80,https://hh.ru/search/vacancy
45,Game Designer / Геймдизайнер,,https://hh.ru/vacancy/35728052?query=%D0%93%D0%B5%D0%B9%D0%BC%20%D0%94%D0%B8%D0%B7%D0%B0%D0%B9%D0%BD%D0%B5%D1%80,https://hh.ru/search/vacancy
46,Junior Game Designer,30 000-40 000 руб.,https://hh.ru/vacancy/42470933?query=%D0%93%D0%B5%D0%B9%D0%BC%20%D0%94%D0%B8%D0%B7%D0%B0%D0%B9%D0%BD%D0%B5%D1%80,https://hh.ru/search/vacancy
47,Senior Game Designer,,https://hh.ru/vacancy/42883205?query=%D0%93%D0%B5%D0%B9%D0%BC%20%D0%94%D0%B8%D0%B7%D0%B0%D0%B9%D0%BD%D0%B5%D1%80,https://hh.ru/search/vacancy
48,Senior Game Designer,,https://hh.ru/vacancy/42447266?query=%D0%93%D0%B5%D0%B9%D0%BC%20%D0%94%D0%B8%D0%B7%D0%B0%D0%B9%D0%BD%D0%B5%D1%80,https://hh.ru/search/vacancy
49,Game Designer (Paradise Island 2),,https://hh.ru/vacancy/42967753?query=%D0%93%D0%B5%D0%B9%D0%BC%20%D0%94%D0%B8%D0%B7%D0%B0%D0%B9%D0%BD%D0%B5%D1%80,https://hh.ru/search/vacancy
50,Junior Game Designer,до 60 000 руб.,https://hh.ru/vacancy/42516700?query=%D0%93%D0%B5%D0%B9%D0%BC%20%D0%94%D0%B8%D0%B7%D0%B0%D0%B9%D0%BD%D0%B5%D1%80,https://hh.ru/search/vacancy
51,Game Designer,,https://hh.ru/vacancy/42648243?query=%D0%93%D0%B5%D0%B9%D0%BC%20%D0%94%D0%B8%D0%B7%D0%B0%D0%B9%D0%BD%D0%B5%D1%80,https://hh.ru/search/vacancy
52,Middle Game Designer,,https://hh.ru/vacancy/42461134?query=%D0%93%D0%B5%D0%B9%D0%BC%20%D0%94%D0%B8%D0%B7%D0%B0%D0%B9%D0%BD%D0%B5%D1%80,https://hh.ru/search/vacancy
53,Концепт-художник,40 000-70 000 руб.,https://hh.ru/vacancy/42173130?query=%D0%93%D0%B5%D0%B9%D0%BC%20%D0%94%D0%B8%D0%B7%D0%B0%D0%B9%D0%BD%D0%B5%D1%80,https://hh.ru/search/vacancy
54,Senior Game Designer,,https://hh.ru/vacancy/42727014?query=%D0%93%D0%B5%D0%B9%D0%BC%20%D0%94%D0%B8%D0%B7%D0%B0%D0%B9%D0%BD%D0%B5%D1%80,https://hh.ru/search/vacancy
55,Преподаватель Adobe Animate,,https://hh.ru/vacancy/42400417?query=%D0%93%D0%B5%D0%B9%D0%BC%20%D0%94%D0%B8%D0%B7%D0%B0%D0%B9%D0%BD%D0%B5%D1%80,https://hh.ru/search/vacancy
56,Junior Game designer,,https://hh.ru/vacancy/42310625?query=%D0%93%D0%B5%D0%B9%D0%BC%20%D0%94%D0%B8%D0%B7%D0%B0%D0%B9%D0%BD%D0%B5%D1%80,https://hh.ru/search/vacancy
57,Narrative designer,30 000-60 000 руб.,https://hh.ru/vacancy/42031650?query=%D0%93%D0%B5%D0%B9%D0%BC%20%D0%94%D0%B8%D0%B7%D0%B0%D0%B9%D0%BD%D0%B5%D1%80,https://hh.ru/search/vacancy
58,Технический геймдизайнер / Technical Game Designer,,https://hh.ru/vacancy/42707607?query=%D0%93%D0%B5%D0%B9%D0%BC%20%D0%94%D0%B8%D0%B7%D0%B0%D0%B9%D0%BD%D0%B5%D1%80,https://hh.ru/search/vacancy
59,3D/2D Artist,,https://hh.ru/vacancy/42750242?query=%D0%93%D0%B5%D0%B9%D0%BC%20%D0%94%D0%B8%D0%B7%D0%B0%D0%B9%D0%BD%D0%B5%D1%80,https://hh.ru/search/vacancy
60,2D художник по цвету,40 000-80 000 руб.,https://hh.ru/vacancy/42173272?query=%D0%93%D0%B5%D0%B9%D0%BC%20%D0%94%D0%B8%D0%B7%D0%B0%D0%B9%D0%BD%D0%B5%D1%80,https://hh.ru/search/vacancy
61,Junior Game Designer (social farm),,https://hh.ru/vacancy/42730661?query=%D0%93%D0%B5%D0%B9%D0%BC%20%D0%94%D0%B8%D0%B7%D0%B0%D0%B9%D0%BD%D0%B5%D1%80,https://hh.ru/search/vacancy
62,Junior Game Designer (hypercasual),,https://hh.ru/vacancy/42817359?query=%D0%93%D0%B5%D0%B9%D0%BC%20%D0%94%D0%B8%D0%B7%D0%B0%D0%B9%D0%BD%D0%B5%D1%80,https://hh.ru/search/vacancy
63,Game Designer,,https://hh.ru/vacancy/39763517?query=%D0%93%D0%B5%D0%B9%D0%BC%20%D0%94%D0%B8%D0%B7%D0%B0%D0%B9%D0%BD%D0%B5%D1%80,https://hh.ru/search/vacancy
64,Game Designer (Limassol),,https://hh.ru/vacancy/42674553?query=%D0%93%D0%B5%D0%B9%D0%BC%20%D0%94%D0%B8%D0%B7%D0%B0%D0%B9%D0%BD%D0%B5%D1%80,https://hh.ru/search/vacancy
65,Game Designer (casual game),,https://hh.ru/vacancy/42882887?query=%D0%93%D0%B5%D0%B9%D0%BC%20%D0%94%D0%B8%D0%B7%D0%B0%D0%B9%D0%BD%D0%B5%D1%80,https://hh.ru/search/vacancy
66,Game Designer (casual game),,https://hh.ru/vacancy/41889309?query=%D0%93%D0%B5%D0%B9%D0%BC%20%D0%94%D0%B8%D0%B7%D0%B0%D0%B9%D0%BD%D0%B5%D1%80,https://hh.ru/search/vacancy
67,Lead Game Designer / Ведущий гейм - дизайнер Shadow Fight Arena,,https://hh.ru/vacancy/41074105?query=%D0%93%D0%B5%D0%B9%D0%BC%20%D0%94%D0%B8%D0%B7%D0%B0%D0%B9%D0%BD%D0%B5%D1%80,https://hh.ru/search/vacancy
68,Старший дизайнер игр/Senior Game Designer,,https://hh.ru/vacancy/42204695?query=%D0%93%D0%B5%D0%B9%D0%BC%20%D0%94%D0%B8%D0%B7%D0%B0%D0%B9%D0%BD%D0%B5%D1%80,https://hh.ru/search/vacancy
69,Game Designer (ААА),,https://hh.ru/vacancy/39390716?query=%D0%93%D0%B5%D0%B9%D0%BC%20%D0%94%D0%B8%D0%B7%D0%B0%D0%B9%D0%BD%D0%B5%D1%80,https://hh.ru/search/vacancy
70,Senior Game Designer (social farm),,https://hh.ru/vacancy/42211793?query=%D0%93%D0%B5%D0%B9%D0%BC%20%D0%94%D0%B8%D0%B7%D0%B0%D0%B9%D0%BD%D0%B5%D1%80,https://hh.ru/search/vacancy
71,Game Designer HTML5 Games (Flime by Gismart),,https://hh.ru/vacancy/42559682?query=%D0%93%D0%B5%D0%B9%D0%BC%20%D0%94%D0%B8%D0%B7%D0%B0%D0%B9%D0%BD%D0%B5%D1%80,https://hh.ru/search/vacancy
72,Game Designer HTML5 Games (Flime by Gismart),,https://hh.ru/vacancy/42559686?query=%D0%93%D0%B5%D0%B9%D0%BC%20%D0%94%D0%B8%D0%B7%D0%B0%D0%B9%D0%BD%D0%B5%D1%80,https://hh.ru/search/vacancy
73,Game Monetization Designer,до 150 000 руб.,https://hh.ru/vacancy/41176795?query=%D0%93%D0%B5%D0%B9%D0%BC%20%D0%94%D0%B8%D0%B7%D0%B0%D0%B9%D0%BD%D0%B5%D1%80,https://hh.ru/search/vacancy
74,Lead Game Designer / Ведущий гейм-дизайнер (мобильные платформы),,https://hh.ru/vacancy/30590384?query=%D0%93%D0%B5%D0%B9%D0%BC%20%D0%94%D0%B8%D0%B7%D0%B0%D0%B9%D0%BD%D0%B5%D1%80,https://hh.ru/search/vacancy
75,Game producer,,https://hh.ru/vacancy/42935074?query=%D0%93%D0%B5%D0%B9%D0%BC%20%D0%94%D0%B8%D0%B7%D0%B0%D0%B9%D0%BD%D0%B5%D1%80,https://hh.ru/search/vacancy
76,3D Artist,,https://hh.ru/vacancy/42885481?query=%D0%93%D0%B5%D0%B9%D0%BC%20%D0%94%D0%B8%D0%B7%D0%B0%D0%B9%D0%BD%D0%B5%D1%80,https://hh.ru/search/vacancy
77,Game Designer,,https://hh.ru/vacancy/42617186?query=%D0%93%D0%B5%D0%B9%D0%BC%20%D0%94%D0%B8%D0%B7%D0%B0%D0%B9%D0%BD%D0%B5%D1%80,https://hh.ru/search/vacancy
78,2D Artist (GameDev),,https://hh.ru/vacancy/42834293?query=%D0%93%D0%B5%D0%B9%D0%BC%20%D0%94%D0%B8%D0%B7%D0%B0%D0%B9%D0%BD%D0%B5%D1%80,https://hh.ru/search/vacancy
79,Game Designer / балансер,,https://hh.ru/vacancy/41127431?query=%D0%93%D0%B5%D0%B9%D0%BC%20%D0%94%D0%B8%D0%B7%D0%B0%D0%B9%D0%BD%D0%B5%D1%80,https://hh.ru/search/vacancy
80,Senior Game Designer (Generalist),,https://hh.ru/vacancy/42965740?query=%D0%93%D0%B5%D0%B9%D0%BC%20%D0%94%D0%B8%D0%B7%D0%B0%D0%B9%D0%BD%D0%B5%D1%80,https://hh.ru/search/vacancy
81,"Senior Game Designer (Balance) (Прага, Чехия)",от 2 500 USD,https://hh.ru/vacancy/42145928?query=%D0%93%D0%B5%D0%B9%D0%BC%20%D0%94%D0%B8%D0%B7%D0%B0%D0%B9%D0%BD%D0%B5%D1%80,https://hh.ru/search/vacancy
82,Game Producer,,https://hh.ru/vacancy/42579779?query=%D0%93%D0%B5%D0%B9%D0%BC%20%D0%94%D0%B8%D0%B7%D0%B0%D0%B9%D0%BD%D0%B5%D1%80,https://hh.ru/search/vacancy
83,Game Designer (Junior),,https://hh.ru/vacancy/42964983?query=%D0%93%D0%B5%D0%B9%D0%BC%20%D0%94%D0%B8%D0%B7%D0%B0%D0%B9%D0%BD%D0%B5%D1%80,https://hh.ru/search/vacancy
84,Game Designer (Junior),,https://hh.ru/vacancy/42964929?query=%D0%93%D0%B5%D0%B9%D0%BC%20%D0%94%D0%B8%D0%B7%D0%B0%D0%B9%D0%BD%D0%B5%D1%80,https://hh.ru/search/vacancy
85,Lead Game Designer / Producer (Hypercasual games),от 100 000 руб.,https://hh.ru/vacancy/42736587?query=%D0%93%D0%B5%D0%B9%D0%BC%20%D0%94%D0%B8%D0%B7%D0%B0%D0%B9%D0%BD%D0%B5%D1%80,https://hh.ru/search/vacancy
86,Senior Game Designer (PC/Console),,https://hh.ru/vacancy/42659091?query=%D0%93%D0%B5%D0%B9%D0%BC%20%D0%94%D0%B8%D0%B7%D0%B0%D0%B9%D0%BD%D0%B5%D1%80,https://hh.ru/search/vacancy
87,Senior Game Designer (PC/Console),,https://hh.ru/vacancy/42659092?query=%D0%93%D0%B5%D0%B9%D0%BC%20%D0%94%D0%B8%D0%B7%D0%B0%D0%B9%D0%BD%D0%B5%D1%80,https://hh.ru/search/vacancy
88,UX/UI Designer,,https://hh.ru/vacancy/42554508?query=%D0%93%D0%B5%D0%B9%D0%BC%20%D0%94%D0%B8%D0%B7%D0%B0%D0%B9%D0%BD%D0%B5%D1%80,https://hh.ru/search/vacancy
89,UI/UX Designer,,https://hh.ru/vacancy/42554489?query=%D0%93%D0%B5%D0%B9%D0%BC%20%D0%94%D0%B8%D0%B7%D0%B0%D0%B9%D0%BD%D0%B5%D1%80,https://hh.ru/search/vacancy
90,UI/UX Designer,,https://hh.ru/vacancy/42554491?query=%D0%93%D0%B5%D0%B9%D0%BC%20%D0%94%D0%B8%D0%B7%D0%B0%D0%B9%D0%BD%D0%B5%D1%80,https://hh.ru/search/vacancy
91,UI/UX Designer,,https://hh.ru/vacancy/42554493?query=%D0%93%D0%B5%D0%B9%D0%BC%20%D0%94%D0%B8%D0%B7%D0%B0%D0%B9%D0%BD%D0%B5%D1%80,https://hh.ru/search/vacancy
92,Game Designer,,https://hh.ru/vacancy/41528745?query=%D0%93%D0%B5%D0%B9%D0%BC%20%D0%94%D0%B8%D0%B7%D0%B0%D0%B9%D0%BD%D0%B5%D1%80,https://hh.ru/search/vacancy
93,Lead Game Designer (Economy),,https://hh.ru/vacancy/42960914?query=%D0%93%D0%B5%D0%B9%D0%BC%20%D0%94%D0%B8%D0%B7%D0%B0%D0%B9%D0%BD%D0%B5%D1%80,https://hh.ru/search/vacancy
94,Игровой Продюсер,,https://hh.ru/vacancy/42493392?query=%D0%93%D0%B5%D0%B9%D0%BC%20%D0%94%D0%B8%D0%B7%D0%B0%D0%B9%D0%BD%D0%B5%D1%80,https://hh.ru/search/vacancy
95,Игровой Продюсер,,https://hh.ru/vacancy/42493393?query=%D0%93%D0%B5%D0%B9%D0%BC%20%D0%94%D0%B8%D0%B7%D0%B0%D0%B9%D0%BD%D0%B5%D1%80,https://hh.ru/search/vacancy
96,Middle/Senior Game Designer,,https://hh.ru/vacancy/42978834?query=%D0%93%D0%B5%D0%B9%D0%BC%20%D0%94%D0%B8%D0%B7%D0%B0%D0%B9%D0%BD%D0%B5%D1%80,https://hh.ru/search/vacancy
97,Senior Game Designer (The Tribez - Adventure),,https://hh.ru/vacancy/42965834?query=%D0%93%D0%B5%D0%B9%D0%BC%20%D0%94%D0%B8%D0%B7%D0%B0%D0%B9%D0%BD%D0%B5%D1%80,https://hh.ru/search/vacancy
98,2D аниматор,45 000-60 000 руб.,https://hh.ru/vacancy/42061196?query=%D0%93%D0%B5%D0%B9%D0%BC%20%D0%94%D0%B8%D0%B7%D0%B0%D0%B9%D0%BD%D0%B5%D1%80,https://hh.ru/search/vacancy
99,Concept Artist (Locations)/Концепт-художник по локациям,,https://hh.ru/vacancy/42981485?query=%D0%93%D0%B5%D0%B9%D0%BC%20%D0%94%D0%B8%D0%B7%D0%B0%D0%B9%D0%BD%D0%B5%D1%80,https://hh.ru/search/vacancy
100,Senior Game Designer (core gameplay),,https://hh.ru/vacancy/42930182?query=%D0%93%D0%B5%D0%B9%D0%BC%20%D0%94%D0%B8%D0%B7%D0%B0%D0%B9%D0%BD%D0%B5%D1%80,https://hh.ru/search/vacancy
101,Middle Game Designer (core gameplay),,https://hh.ru/vacancy/42930366?query=%D0%93%D0%B5%D0%B9%D0%BC%20%D0%94%D0%B8%D0%B7%D0%B0%D0%B9%D0%BD%D0%B5%D1%80,https://hh.ru/search/vacancy
102,Game UI/UX Specialist,,https://hh.ru/vacancy/42300252?query=%D0%93%D0%B5%D0%B9%D0%BC%20%D0%94%D0%B8%D0%B7%D0%B0%D0%B9%D0%BD%D0%B5%D1%80,https://hh.ru/search/vacancy
103,UX Copywriter,,https://hh.ru/vacancy/42740933?query=%D0%93%D0%B5%D0%B9%D0%BC%20%D0%94%D0%B8%D0%B7%D0%B0%D0%B9%D0%BD%D0%B5%D1%80,https://hh.ru/search/vacancy
104,"Game designer (Москва, Санкт-Петербург, Казань, Харьков, Минск, Гомель, Калуга, Обнинск)",,https://hh.ru/vacancy/39285621?query=%D0%93%D0%B5%D0%B9%D0%BC%20%D0%94%D0%B8%D0%B7%D0%B0%D0%B9%D0%BD%D0%B5%D1%80,https://hh.ru/search/vacancy
105,Middle+ GameDev UX/UI designer (удаленно),,https://hh.ru/vacancy/42913291?query=%D0%93%D0%B5%D0%B9%D0%BC%20%D0%94%D0%B8%D0%B7%D0%B0%D0%B9%D0%BD%D0%B5%D1%80,https://hh.ru/search/vacancy
106,Middle/ Senior Game Designer,,https://hh.ru/vacancy/42522391?query=%D0%93%D0%B5%D0%B9%D0%BC%20%D0%94%D0%B8%D0%B7%D0%B0%D0%B9%D0%BD%D0%B5%D1%80,https://hh.ru/search/vacancy
107,Middle/ Senior Game Designer,,https://hh.ru/vacancy/42522392?query=%D0%93%D0%B5%D0%B9%D0%BC%20%D0%94%D0%B8%D0%B7%D0%B0%D0%B9%D0%BD%D0%B5%D1%80,https://hh.ru/search/vacancy
108,Middle/ Senior Game Designer,,https://hh.ru/vacancy/42522393?query=%D0%93%D0%B5%D0%B9%D0%BC%20%D0%94%D0%B8%D0%B7%D0%B0%D0%B9%D0%BD%D0%B5%D1%80,https://hh.ru/search/vacancy
109,Middle/ Senior Game Designer,,https://hh.ru/vacancy/42522394?query=%D0%93%D0%B5%D0%B9%D0%BC%20%D0%94%D0%B8%D0%B7%D0%B0%D0%B9%D0%BD%D0%B5%D1%80,https://hh.ru/search/vacancy
110,Middle/ Senior Game Designer,,https://hh.ru/vacancy/42522395?query=%D0%93%D0%B5%D0%B9%D0%BC%20%D0%94%D0%B8%D0%B7%D0%B0%D0%B9%D0%BD%D0%B5%D1%80,https://hh.ru/search/vacancy
111,Middle/ Senior Game Designer,,https://hh.ru/vacancy/42522396?query=%D0%93%D0%B5%D0%B9%D0%BC%20%D0%94%D0%B8%D0%B7%D0%B0%D0%B9%D0%BD%D0%B5%D1%80,https://hh.ru/search/vacancy
112,Middle/ Senior Game Designer,,https://hh.ru/vacancy/42522397?query=%D0%93%D0%B5%D0%B9%D0%BC%20%D0%94%D0%B8%D0%B7%D0%B0%D0%B9%D0%BD%D0%B5%D1%80,https://hh.ru/search/vacancy
113,Middle/ Senior Game Designer,,https://hh.ru/vacancy/42838139?query=%D0%93%D0%B5%D0%B9%D0%BC%20%D0%94%D0%B8%D0%B7%D0%B0%D0%B9%D0%BD%D0%B5%D1%80,https://hh.ru/search/vacancy
114,Middle/Senior Game Designer,,https://hh.ru/vacancy/38795281?query=%D0%93%D0%B5%D0%B9%D0%BC%20%D0%94%D0%B8%D0%B7%D0%B0%D0%B9%D0%BD%D0%B5%D1%80,https://hh.ru/search/vacancy
115,Senior/Lead 3D Artist [возможен Remote],,https://hh.ru/vacancy/40397919?query=%D0%93%D0%B5%D0%B9%D0%BC%20%D0%94%D0%B8%D0%B7%D0%B0%D0%B9%D0%BD%D0%B5%D1%80,https://hh.ru/search/vacancy
116,Project Manager (Feature),,https://hh.ru/vacancy/40934001?query=%D0%93%D0%B5%D0%B9%D0%BC%20%D0%94%D0%B8%D0%B7%D0%B0%D0%B9%D0%BD%D0%B5%D1%80,https://hh.ru/search/vacancy
117,Unity Developer,,https://hh.ru/vacancy/42235106?query=%D0%93%D0%B5%D0%B9%D0%BC%20%D0%94%D0%B8%D0%B7%D0%B0%D0%B9%D0%BD%D0%B5%D1%80,https://hh.ru/search/vacancy
118,Lead 2D Artist,,https://hh.ru/vacancy/38304928?query=%D0%93%D0%B5%D0%B9%D0%BC%20%D0%94%D0%B8%D0%B7%D0%B0%D0%B9%D0%BD%D0%B5%D1%80,https://hh.ru/search/vacancy
119,Unity Game Developer,60 000-100 000 руб.,https://hh.ru/vacancy/42762038?query=%D0%93%D0%B5%D0%B9%D0%BC%20%D0%94%D0%B8%D0%B7%D0%B0%D0%B9%D0%BD%D0%B5%D1%80,https://hh.ru/search/vacancy
120,Senior С# Developer (Unity 3D),от 100 000 руб.,https://hh.ru/vacancy/41546771?query=%D0%93%D0%B5%D0%B9%D0%BC%20%D0%94%D0%B8%D0%B7%D0%B0%D0%B9%D0%BD%D0%B5%D1%80,https://hh.ru/search/vacancy
121,Junior С# Developer (Unity 3D),30 000-60 000 руб.,https://hh.ru/vacancy/40854578?query=%D0%93%D0%B5%D0%B9%D0%BC%20%D0%94%D0%B8%D0%B7%D0%B0%D0%B9%D0%BD%D0%B5%D1%80,https://hh.ru/search/vacancy
122,Unity-разработчик (коммерческие фичи),,https://hh.ru/vacancy/42922279?query=%D0%93%D0%B5%D0%B9%D0%BC%20%D0%94%D0%B8%D0%B7%D0%B0%D0%B9%D0%BD%D0%B5%D1%80,https://hh.ru/search/vacancy
123,Unity-разработчик (коммерческие фичи),,https://hh.ru/vacancy/42930132?query=%D0%93%D0%B5%D0%B9%D0%BC%20%D0%94%D0%B8%D0%B7%D0%B0%D0%B9%D0%BD%D0%B5%D1%80,https://hh.ru/search/vacancy
124,Unity-разработчик (коммерческие фичи),,https://hh.ru/vacancy/42930308?query=%D0%93%D0%B5%D0%B9%D0%BC%20%D0%94%D0%B8%D0%B7%D0%B0%D0%B9%D0%BD%D0%B5%D1%80,https://hh.ru/search/vacancy
125,Middle С# Developer (Unity 3D),60 000-100 000 руб.,https://hh.ru/vacancy/40748419?query=%D0%93%D0%B5%D0%B9%D0%BC%20%D0%94%D0%B8%D0%B7%D0%B0%D0%B9%D0%BD%D0%B5%D1%80,https://hh.ru/search/vacancy
126,Senior Product Analyst (GameDev),,https://hh.ru/vacancy/42319120?query=%D0%93%D0%B5%D0%B9%D0%BC%20%D0%94%D0%B8%D0%B7%D0%B0%D0%B9%D0%BD%D0%B5%D1%80,https://hh.ru/search/vacancy
127,Unreal Engine Game Developer,,https://hh.ru/vacancy/42516449?query=%D0%93%D0%B5%D0%B9%D0%BC%20%D0%94%D0%B8%D0%B7%D0%B0%D0%B9%D0%BD%D0%B5%D1%80,https://hh.ru/search/vacancy
128,Senior Game Analyst,,https://hh.ru/vacancy/42925969?query=%D0%93%D0%B5%D0%B9%D0%BC%20%D0%94%D0%B8%D0%B7%D0%B0%D0%B9%D0%BD%D0%B5%D1%80,https://hh.ru/search/vacancy
129,Контент-менеджер,,https://hh.ru/vacancy/42936452?query=%D0%93%D0%B5%D0%B9%D0%BC%20%D0%94%D0%B8%D0%B7%D0%B0%D0%B9%D0%BD%D0%B5%D1%80,https://hh.ru/search/vacancy
130,UI/UX Designer,,https://hh.ru/vacancy/39907484?query=%D0%93%D0%B5%D0%B9%D0%BC%20%D0%94%D0%B8%D0%B7%D0%B0%D0%B9%D0%BD%D0%B5%D1%80,https://hh.ru/search/vacancy
131,Project Manager (Flime by Gismart),,https://hh.ru/vacancy/42802417?query=%D0%93%D0%B5%D0%B9%D0%BC%20%D0%94%D0%B8%D0%B7%D0%B0%D0%B9%D0%BD%D0%B5%D1%80,https://hh.ru/search/vacancy
132,Project Manager (Flime by Gismart),,https://hh.ru/vacancy/42802403?query=%D0%93%D0%B5%D0%B9%D0%BC%20%D0%94%D0%B8%D0%B7%D0%B0%D0%B9%D0%BD%D0%B5%D1%80,https://hh.ru/search/vacancy
133,2D Animator,,https://hh.ru/vacancy/42325140?query=%D0%93%D0%B5%D0%B9%D0%BC%20%D0%94%D0%B8%D0%B7%D0%B0%D0%B9%D0%BD%D0%B5%D1%80,https://hh.ru/search/vacancy
134,Product Manager,,https://hh.ru/vacancy/34198392?query=%D0%93%D0%B5%D0%B9%D0%BC%20%D0%94%D0%B8%D0%B7%D0%B0%D0%B9%D0%BD%D0%B5%D1%80,https://hh.ru/search/vacancy
135,Игровой аналитик (Game Analyst),,https://hh.ru/vacancy/42934357?query=%D0%93%D0%B5%D0%B9%D0%BC%20%D0%94%D0%B8%D0%B7%D0%B0%D0%B9%D0%BD%D0%B5%D1%80,https://hh.ru/search/vacancy
136,Product Manager - Cut the Rope IP,,https://hh.ru/vacancy/42426254?query=%D0%93%D0%B5%D0%B9%D0%BC%20%D0%94%D0%B8%D0%B7%D0%B0%D0%B9%D0%BD%D0%B5%D1%80,https://hh.ru/search/vacancy
137,Senior QA Engineer (gamedev),,https://hh.ru/vacancy/41553886?query=%D0%93%D0%B5%D0%B9%D0%BC%20%D0%94%D0%B8%D0%B7%D0%B0%D0%B9%D0%BD%D0%B5%D1%80,https://hh.ru/search/vacancy
138,2D Environment Artist,,https://hh.ru/vacancy/42870502?query=%D0%93%D0%B5%D0%B9%D0%BC%20%D0%94%D0%B8%D0%B7%D0%B0%D0%B9%D0%BD%D0%B5%D1%80,https://hh.ru/search/vacancy
139,2D Animator (Casual),,https://hh.ru/vacancy/40495267?query=%D0%93%D0%B5%D0%B9%D0%BC%20%D0%94%D0%B8%D0%B7%D0%B0%D0%B9%D0%BD%D0%B5%D1%80,https://hh.ru/search/vacancy
140,2D Animator (Casual),,https://hh.ru/vacancy/40495212?query=%D0%93%D0%B5%D0%B9%D0%BC%20%D0%94%D0%B8%D0%B7%D0%B0%D0%B9%D0%BD%D0%B5%D1%80,https://hh.ru/search/vacancy
141,Комьюнити-менеджер // Копирайтер (Community Manager),от 30 000 руб.,https://hh.ru/vacancy/42807128?query=%D0%93%D0%B5%D0%B9%D0%BC%20%D0%94%D0%B8%D0%B7%D0%B0%D0%B9%D0%BD%D0%B5%D1%80,https://hh.ru/search/vacancy
142,Project‎ Manager (Gamedev),,https://hh.ru/vacancy/41796436?query=%D0%93%D0%B5%D0%B9%D0%BC%20%D0%94%D0%B8%D0%B7%D0%B0%D0%B9%D0%BD%D0%B5%D1%80,https://hh.ru/search/vacancy
143,2D Spine animator (Casual),,https://hh.ru/vacancy/41643254?query=%D0%93%D0%B5%D0%B9%D0%BC%20%D0%94%D0%B8%D0%B7%D0%B0%D0%B9%D0%BD%D0%B5%D1%80,https://hh.ru/search/vacancy
144,2D Spine animator (Casual),,https://hh.ru/vacancy/41643255?query=%D0%93%D0%B5%D0%B9%D0%BC%20%D0%94%D0%B8%D0%B7%D0%B0%D0%B9%D0%BD%D0%B5%D1%80,https://hh.ru/search/vacancy
145,2D Spine animator (Casual),,https://hh.ru/vacancy/41643256?query=%D0%93%D0%B5%D0%B9%D0%BC%20%D0%94%D0%B8%D0%B7%D0%B0%D0%B9%D0%BD%D0%B5%D1%80,https://hh.ru/search/vacancy
146,UI Programmer (UE4/С++),,https://hh.ru/vacancy/41457415?query=%D0%93%D0%B5%D0%B9%D0%BC%20%D0%94%D0%B8%D0%B7%D0%B0%D0%B9%D0%BD%D0%B5%D1%80,https://hh.ru/search/vacancy
147,2D Animator,,https://hh.ru/vacancy/41643257?query=%D0%93%D0%B5%D0%B9%D0%BC%20%D0%94%D0%B8%D0%B7%D0%B0%D0%B9%D0%BD%D0%B5%D1%80,https://hh.ru/search/vacancy
148,Gamedev Producer / Продюсер (мобильные платформы),,https://hh.ru/vacancy/41516736?query=%D0%93%D0%B5%D0%B9%D0%BC%20%D0%94%D0%B8%D0%B7%D0%B0%D0%B9%D0%BD%D0%B5%D1%80,https://hh.ru/search/vacancy
149,Data Analyst,,https://hh.ru/vacancy/42968740?query=%D0%93%D0%B5%D0%B9%D0%BC%20%D0%94%D0%B8%D0%B7%D0%B0%D0%B9%D0%BD%D0%B5%D1%80,https://hh.ru/search/vacancy
150,Программист игровой логики,,https://hh.ru/vacancy/34285397?query=%D0%93%D0%B5%D0%B9%D0%BC%20%D0%94%D0%B8%D0%B7%D0%B0%D0%B9%D0%BD%D0%B5%D1%80,https://hh.ru/search/vacancy
151,Game Analyst / Игровой аналитик,,https://hh.ru/vacancy/42431003?query=%D0%93%D0%B5%D0%B9%D0%BC%20%D0%94%D0%B8%D0%B7%D0%B0%D0%B9%D0%BD%D0%B5%D1%80,https://hh.ru/search/vacancy
152,Unity developer / Unity программист,120 000-200 000 руб.,https://hh.ru/vacancy/42914540?query=%D0%93%D0%B5%D0%B9%D0%BC%20%D0%94%D0%B8%D0%B7%D0%B0%D0%B9%D0%BD%D0%B5%D1%80,https://hh.ru/search/vacancy
153,"Middle/Senior Unity-разработчик (mobile gamedev проект), удаленно",до 3 000 EUR,https://hh.ru/vacancy/42967918?query=%D0%93%D0%B5%D0%B9%D0%BC%20%D0%94%D0%B8%D0%B7%D0%B0%D0%B9%D0%BD%D0%B5%D1%80,https://hh.ru/search/vacancy
154,Client/Frontend/Gameplay UE4 C++ Developer,от 170 000 руб.,https://hh.ru/vacancy/42319612?query=%D0%93%D0%B5%D0%B9%D0%BC%20%D0%94%D0%B8%D0%B7%D0%B0%D0%B9%D0%BD%D0%B5%D1%80,https://hh.ru/search/vacancy
155,Marketing Analyst,,https://hh.ru/vacancy/42751286?query=%D0%93%D0%B5%D0%B9%D0%BC%20%D0%94%D0%B8%D0%B7%D0%B0%D0%B9%D0%BD%D0%B5%D1%80,https://hh.ru/search/vacancy
156,Marketing Analyst,,https://hh.ru/vacancy/42751347?query=%D0%93%D0%B5%D0%B9%D0%BC%20%D0%94%D0%B8%D0%B7%D0%B0%D0%B9%D0%BD%D0%B5%D1%80,https://hh.ru/search/vacancy
157,Marketing Analyst,,https://hh.ru/vacancy/42751372?query=%D0%93%D0%B5%D0%B9%D0%BC%20%D0%94%D0%B8%D0%B7%D0%B0%D0%B9%D0%BD%D0%B5%D1%80,https://hh.ru/search/vacancy
158,.Net Developer (Core-Gameplay),,https://hh.ru/vacancy/42488131?query=%D0%93%D0%B5%D0%B9%D0%BC%20%D0%94%D0%B8%D0%B7%D0%B0%D0%B9%D0%BD%D0%B5%D1%80,https://hh.ru/search/vacancy
159,Unity3D/C# разработчик,,https://hh.ru/vacancy/41836682?query=%D0%93%D0%B5%D0%B9%D0%BC%20%D0%94%D0%B8%D0%B7%D0%B0%D0%B9%D0%BD%D0%B5%D1%80,https://hh.ru/search/vacancy
160,Senior C# Developer ( Backend / Gamedev ),от 220 000 руб.,https://hh.ru/vacancy/40907096?query=%D0%93%D0%B5%D0%B9%D0%BC%20%D0%94%D0%B8%D0%B7%D0%B0%D0%B9%D0%BD%D0%B5%D1%80,https://hh.ru/search/vacancy
161,Senior JavaScript Game Developer (Flime by Gismart),,https://hh.ru/vacancy/42553576?query=%D0%93%D0%B5%D0%B9%D0%BC%20%D0%94%D0%B8%D0%B7%D0%B0%D0%B9%D0%BD%D0%B5%D1%80,https://hh.ru/search/vacancy
162,Recruiter,,https://hh.ru/vacancy/42562676?query=%D0%93%D0%B5%D0%B9%D0%BC%20%D0%94%D0%B8%D0%B7%D0%B0%D0%B9%D0%BD%D0%B5%D1%80,https://hh.ru/search/vacancy
163,Senior JavaScript Game Developer (Flime by Gismart),,https://hh.ru/vacancy/42661714?query=%D0%93%D0%B5%D0%B9%D0%BC%20%D0%94%D0%B8%D0%B7%D0%B0%D0%B9%D0%BD%D0%B5%D1%80,https://hh.ru/search/vacancy
164,Разработчик игр,,https://hh.ru/vacancy/41518672?query=%D0%93%D0%B5%D0%B9%D0%BC%20%D0%94%D0%B8%D0%B7%D0%B0%D0%B9%D0%BD%D0%B5%D1%80,https://hh.ru/search/vacancy
165,Разработчик игр,,https://hh.ru/vacancy/41519480?query=%D0%93%D0%B5%D0%B9%D0%BC%20%D0%94%D0%B8%D0%B7%D0%B0%D0%B9%D0%BD%D0%B5%D1%80,https://hh.ru/search/vacancy
166,Разработчик игр,,https://hh.ru/vacancy/41522997?query=%D0%93%D0%B5%D0%B9%D0%BC%20%D0%94%D0%B8%D0%B7%D0%B0%D0%B9%D0%BD%D0%B5%D1%80,https://hh.ru/search/vacancy
167,Разработчик игр,,https://hh.ru/vacancy/41519408?query=%D0%93%D0%B5%D0%B9%D0%BC%20%D0%94%D0%B8%D0%B7%D0%B0%D0%B9%D0%BD%D0%B5%D1%80,https://hh.ru/search/vacancy
168,Разработчик игр,,https://hh.ru/vacancy/41522916?query=%D0%93%D0%B5%D0%B9%D0%BC%20%D0%94%D0%B8%D0%B7%D0%B0%D0%B9%D0%BD%D0%B5%D1%80,https://hh.ru/search/vacancy
169,Project Coordinator (Flime by Gismart),,https://hh.ru/vacancy/42807074?query=%D0%93%D0%B5%D0%B9%D0%BC%20%D0%94%D0%B8%D0%B7%D0%B0%D0%B9%D0%BD%D0%B5%D1%80,https://hh.ru/search/vacancy
170,C# Developer/Architect (remote work),,https://hh.ru/vacancy/42629462?query=%D0%93%D0%B5%D0%B9%D0%BC%20%D0%94%D0%B8%D0%B7%D0%B0%D0%B9%D0%BD%D0%B5%D1%80,https://hh.ru/search/vacancy
171,Senior server developer (C++/C#),от 240 000 руб.,https://hh.ru/vacancy/42775058?query=%D0%93%D0%B5%D0%B9%D0%BC%20%D0%94%D0%B8%D0%B7%D0%B0%D0%B9%D0%BD%D0%B5%D1%80,https://hh.ru/search/vacancy
172,Программист TypeScript / JavaScript,100 000-300 000 руб.,https://hh.ru/vacancy/42554994?query=%D0%93%D0%B5%D0%B9%D0%BC%20%D0%94%D0%B8%D0%B7%D0%B0%D0%B9%D0%BD%D0%B5%D1%80,https://hh.ru/search/vacancy
173,Tech Lead Developer Unity 3D С# / Ведущий программист-разработчик,,https://hh.ru/vacancy/40432973?query=%D0%93%D0%B5%D0%B9%D0%BC%20%D0%94%D0%B8%D0%B7%D0%B0%D0%B9%D0%BD%D0%B5%D1%80,https://hh.ru/search/vacancy
174,IT-рекрутер,,https://hh.ru/vacancy/42323005?query=%D0%93%D0%B5%D0%B9%D0%BC%20%D0%94%D0%B8%D0%B7%D0%B0%D0%B9%D0%BD%D0%B5%D1%80,https://hh.ru/search/vacancy
175,User Acquisition Manager,,https://hh.ru/vacancy/39224198?query=%D0%93%D0%B5%D0%B9%D0%BC%20%D0%94%D0%B8%D0%B7%D0%B0%D0%B9%D0%BD%D0%B5%D1%80,https://hh.ru/search/vacancy
176,User Acquisition Manager,,https://hh.ru/vacancy/39224196?query=%D0%93%D0%B5%D0%B9%D0%BC%20%D0%94%D0%B8%D0%B7%D0%B0%D0%B9%D0%BD%D0%B5%D1%80,https://hh.ru/search/vacancy
177,Middle to Senior Developer Unity 3D C# / Программист-разработчик,,https://hh.ru/vacancy/27059774?query=%D0%93%D0%B5%D0%B9%D0%BC%20%D0%94%D0%B8%D0%B7%D0%B0%D0%B9%D0%BD%D0%B5%D1%80,https://hh.ru/search/vacancy
178,"Junior Гейм-дизайнер / game concept designer (mobile, hypercasual, casual)",30 000-30 000 руб.,https://hh.ru/vacancy/42853664?query=%D0%93%D0%B5%D0%B9%D0%BC%20%D0%94%D0%B8%D0%B7%D0%B0%D0%B9%D0%BD%D0%B5%D1%80,https://hh.ru/search/vacancy
179,User Acquisition Manager,,https://hh.ru/vacancy/39238492?query=%D0%93%D0%B5%D0%B9%D0%BC%20%D0%94%D0%B8%D0%B7%D0%B0%D0%B9%D0%BD%D0%B5%D1%80,https://hh.ru/search/vacancy
180,С++ разработчик на клиент мобильной игры (удаленно),,https://hh.ru/vacancy/42889808?query=%D0%93%D0%B5%D0%B9%D0%BC%20%D0%94%D0%B8%D0%B7%D0%B0%D0%B9%D0%BD%D0%B5%D1%80,https://hh.ru/search/vacancy
181,"User Acquisition Manager (Москва, Санкт-Петербург, Минск, Казань или удаленно)",,https://hh.ru/vacancy/39238491?query=%D0%93%D0%B5%D0%B9%D0%BC%20%D0%94%D0%B8%D0%B7%D0%B0%D0%B9%D0%BD%D0%B5%D1%80,https://hh.ru/search/vacancy
182,Junior Data Scientist,,https://hh.ru/vacancy/42783985?query=%D0%93%D0%B5%D0%B9%D0%BC%20%D0%94%D0%B8%D0%B7%D0%B0%D0%B9%D0%BD%D0%B5%D1%80,https://hh.ru/search/vacancy
183,C++ Client Developer,,https://hh.ru/vacancy/42967327?query=%D0%93%D0%B5%D0%B9%D0%BC%20%D0%94%D0%B8%D0%B7%D0%B0%D0%B9%D0%BD%D0%B5%D1%80,https://hh.ru/search/vacancy
184,Python Fullstack Разработчик,,https://hh.ru/vacancy/42969890?query=%D0%93%D0%B5%D0%B9%D0%BC%20%D0%94%D0%B8%D0%B7%D0%B0%D0%B9%D0%BD%D0%B5%D1%80,https://hh.ru/search/vacancy
185,Big Data Engineer,,https://hh.ru/vacancy/41047393?query=%D0%93%D0%B5%D0%B9%D0%BC%20%D0%94%D0%B8%D0%B7%D0%B0%D0%B9%D0%BD%D0%B5%D1%80,https://hh.ru/search/vacancy
186,3D художник / 3D artist (гипер-казуальные игры на Unity / hyper-casual games),50 000-80 000 руб.,https://hh.ru/vacancy/42546765?query=%D0%93%D0%B5%D0%B9%D0%BC%20%D0%94%D0%B8%D0%B7%D0%B0%D0%B9%D0%BD%D0%B5%D1%80,https://hh.ru/search/vacancy
187,Старший гейм-дизайнер (Rush Royale),,https://hh.ru/vacancy/42834973?query=%D0%93%D0%B5%D0%B9%D0%BC%20%D0%94%D0%B8%D0%B7%D0%B0%D0%B9%D0%BD%D0%B5%D1%80,https://hh.ru/search/vacancy
188,Game designer,50 000-100 000 руб.,https://hh.ru/vacancy/42835248?query=%D0%93%D0%B5%D0%B9%D0%BC%20%D0%94%D0%B8%D0%B7%D0%B0%D0%B9%D0%BD%D0%B5%D1%80,https://hh.ru/search/vacancy
189,Game Designer,,https://hh.ru/vacancy/42828140?query=%D0%93%D0%B5%D0%B9%D0%BC%20%D0%94%D0%B8%D0%B7%D0%B0%D0%B9%D0%BD%D0%B5%D1%80,https://hh.ru/search/vacancy
190,Game Designer/Level Designer,,https://hh.ru/vacancy/41992209?query=%D0%93%D0%B5%D0%B9%D0%BC%20%D0%94%D0%B8%D0%B7%D0%B0%D0%B9%D0%BD%D0%B5%D1%80,https://hh.ru/search/vacancy
191,User Acquisition Manager,,https://hh.ru/vacancy/42854185?query=%D0%93%D0%B5%D0%B9%D0%BC%20%D0%94%D0%B8%D0%B7%D0%B0%D0%B9%D0%BD%D0%B5%D1%80,https://hh.ru/search/vacancy
192,Senior Game Designer,,https://hh.ru/vacancy/41777458?query=%D0%93%D0%B5%D0%B9%D0%BC%20%D0%94%D0%B8%D0%B7%D0%B0%D0%B9%D0%BD%D0%B5%D1%80,https://hh.ru/search/vacancy
193,"Senior Game Designer (MY.GAMES, студия SWAG MASHA)",,https://hh.ru/vacancy/42826040?query=%D0%93%D0%B5%D0%B9%D0%BC%20%D0%94%D0%B8%D0%B7%D0%B0%D0%B9%D0%BD%D0%B5%D1%80,https://hh.ru/search/vacancy
194,Middle Game Designer (economy and monetization),,https://hh.ru/vacancy/42153890?query=%D0%93%D0%B5%D0%B9%D0%BC%20%D0%94%D0%B8%D0%B7%D0%B0%D0%B9%D0%BD%D0%B5%D1%80,https://hh.ru/search/vacancy
195,Game Designer,,https://hh.ru/vacancy/41889532?query=%D0%93%D0%B5%D0%B9%D0%BC%20%D0%94%D0%B8%D0%B7%D0%B0%D0%B9%D0%BD%D0%B5%D1%80,https://hh.ru/search/vacancy
196,Game designer,30 000-50 000 руб.,https://hh.ru/vacancy/42806450?query=%D0%93%D0%B5%D0%B9%D0%BC%20%D0%94%D0%B8%D0%B7%D0%B0%D0%B9%D0%BD%D0%B5%D1%80,https://hh.ru/search/vacancy
197,Level Designer AAA-шутер,,https://hh.ru/vacancy/41650373?query=%D0%93%D0%B5%D0%B9%D0%BC%20%D0%94%D0%B8%D0%B7%D0%B0%D0%B9%D0%BD%D0%B5%D1%80,https://hh.ru/search/vacancy
198,Game Designer Hero Wars,,https://hh.ru/vacancy/41724162?query=%D0%93%D0%B5%D0%B9%D0%BC%20%D0%94%D0%B8%D0%B7%D0%B0%D0%B9%D0%BD%D0%B5%D1%80,https://hh.ru/search/vacancy
199,Product owner / Lead Game Designer,,https://hh.ru/vacancy/42834165?query=%D0%93%D0%B5%D0%B9%D0%BC%20%D0%94%D0%B8%D0%B7%D0%B0%D0%B9%D0%BD%D0%B5%D1%80,https://hh.ru/search/vacancy
200,"Senior Game Designer (MY.GAMES, студия SWAG MASHA)",,https://hh.ru/vacancy/42811922?query=%D0%93%D0%B5%D0%B9%D0%BC%20%D0%94%D0%B8%D0%B7%D0%B0%D0%B9%D0%BD%D0%B5%D1%80,https://hh.ru/search/vacancy
201,Game Designer Hero Wars,,https://hh.ru/vacancy/40686305?query=%D0%93%D0%B5%D0%B9%D0%BC%20%D0%94%D0%B8%D0%B7%D0%B0%D0%B9%D0%BD%D0%B5%D1%80,https://hh.ru/search/vacancy
202,Product Manager - Cut the Rope IP,,https://hh.ru/vacancy/42426254?query=%D0%93%D0%B5%D0%B9%D0%BC%20%D0%94%D0%B8%D0%B7%D0%B0%D0%B9%D0%BD%D0%B5%D1%80,https://hh.ru/search/vacancy
203,Lead Gameplay Programmer,,https://hh.ru/vacancy/42475308?query=%D0%93%D0%B5%D0%B9%D0%BC%20%D0%94%D0%B8%D0%B7%D0%B0%D0%B9%D0%BD%D0%B5%D1%80,https://hh.ru/search/vacancy
204,Lead 2D Artist,,https://hh.ru/vacancy/42374647?query=%D0%93%D0%B5%D0%B9%D0%BC%20%D0%94%D0%B8%D0%B7%D0%B0%D0%B9%D0%BD%D0%B5%D1%80,https://hh.ru/search/vacancy
205,Lead 2D Artist,,https://hh.ru/vacancy/42374771?query=%D0%93%D0%B5%D0%B9%D0%BC%20%D0%94%D0%B8%D0%B7%D0%B0%D0%B9%D0%BD%D0%B5%D1%80,https://hh.ru/search/vacancy
206,Lead 2D Artist,,https://hh.ru/vacancy/42374546?query=%D0%93%D0%B5%D0%B9%D0%BC%20%D0%94%D0%B8%D0%B7%D0%B0%D0%B9%D0%BD%D0%B5%D1%80,https://hh.ru/search/vacancy
207,Game Analyst / Игровой аналитик,,https://hh.ru/vacancy/42431003?query=%D0%93%D0%B5%D0%B9%D0%BC%20%D0%94%D0%B8%D0%B7%D0%B0%D0%B9%D0%BD%D0%B5%D1%80,https://hh.ru/search/vacancy
208,Narrative Designer (Casual),,https://hh.ru/vacancy/42345283?query=%D0%93%D0%B5%D0%B9%D0%BC%20%D0%94%D0%B8%D0%B7%D0%B0%D0%B9%D0%BD%D0%B5%D1%80,https://hh.ru/search/vacancy
209,Narrative Designer (Casual),,https://hh.ru/vacancy/42345284?query=%D0%93%D0%B5%D0%B9%D0%BC%20%D0%94%D0%B8%D0%B7%D0%B0%D0%B9%D0%BD%D0%B5%D1%80,https://hh.ru/search/vacancy
210,Junior Game designer,,https://hh.ru/vacancy/42310625?query=%D0%93%D0%B5%D0%B9%D0%BC%20%D0%94%D0%B8%D0%B7%D0%B0%D0%B9%D0%BD%D0%B5%D1%80,https://hh.ru/search/vacancy
211,Game designer (math),400-1 000 USD,https://hh.ru/vacancy/42306875?query=%D0%93%D0%B5%D0%B9%D0%BC%20%D0%94%D0%B8%D0%B7%D0%B0%D0%B9%D0%BD%D0%B5%D1%80,https://hh.ru/search/vacancy
212,VFX Artist (2D),,https://hh.ru/vacancy/42363734?query=%D0%93%D0%B5%D0%B9%D0%BC%20%D0%94%D0%B8%D0%B7%D0%B0%D0%B9%D0%BD%D0%B5%D1%80,https://hh.ru/search/vacancy
213,Game Designer (Remote),,https://hh.ru/vacancy/42357715?query=%D0%93%D0%B5%D0%B9%D0%BC%20%D0%94%D0%B8%D0%B7%D0%B0%D0%B9%D0%BD%D0%B5%D1%80,https://hh.ru/search/vacancy
214,Project Manager/Game Designer,50 000-100 000 руб.,https://hh.ru/vacancy/42313934?query=%D0%93%D0%B5%D0%B9%D0%BC%20%D0%94%D0%B8%D0%B7%D0%B0%D0%B9%D0%BD%D0%B5%D1%80,https://hh.ru/search/vacancy
215,2d Artist,,https://hh.ru/vacancy/42331553?query=%D0%93%D0%B5%D0%B9%D0%BC%20%D0%94%D0%B8%D0%B7%D0%B0%D0%B9%D0%BD%D0%B5%D1%80,https://hh.ru/search/vacancy
216,UI/UX designer,,https://hh.ru/vacancy/42343609?query=%D0%93%D0%B5%D0%B9%D0%BC%20%D0%94%D0%B8%D0%B7%D0%B0%D0%B9%D0%BD%D0%B5%D1%80,https://hh.ru/search/vacancy
217,Видеомонтажер / Видеодизайнер,,https://hh.ru/vacancy/42307409?query=%D0%93%D0%B5%D0%B9%D0%BC%20%D0%94%D0%B8%D0%B7%D0%B0%D0%B9%D0%BD%D0%B5%D1%80,https://hh.ru/search/vacancy
218,2d Artist,,https://hh.ru/vacancy/42331994?query=%D0%93%D0%B5%D0%B9%D0%BC%20%D0%94%D0%B8%D0%B7%D0%B0%D0%B9%D0%BD%D0%B5%D1%80,https://hh.ru/search/vacancy
219,2d Artist,,https://hh.ru/vacancy/42331995?query=%D0%93%D0%B5%D0%B9%D0%BC%20%D0%94%D0%B8%D0%B7%D0%B0%D0%B9%D0%BD%D0%B5%D1%80,https://hh.ru/search/vacancy
220,2d Artist,,https://hh.ru/vacancy/42331996?query=%D0%93%D0%B5%D0%B9%D0%BC%20%D0%94%D0%B8%D0%B7%D0%B0%D0%B9%D0%BD%D0%B5%D1%80,https://hh.ru/search/vacancy
221,2d Artist,,https://hh.ru/vacancy/42331999?query=%D0%93%D0%B5%D0%B9%D0%BC%20%D0%94%D0%B8%D0%B7%D0%B0%D0%B9%D0%BD%D0%B5%D1%80,https://hh.ru/search/vacancy
222,Middle Game Designer,,https://hh.ru/vacancy/42325443?query=%D0%93%D0%B5%D0%B9%D0%BC%20%D0%94%D0%B8%D0%B7%D0%B0%D0%B9%D0%BD%D0%B5%D1%80,https://hh.ru/search/vacancy
223,Lead 3D Artist,,https://hh.ru/vacancy/42334540?query=%D0%93%D0%B5%D0%B9%D0%BC%20%D0%94%D0%B8%D0%B7%D0%B0%D0%B9%D0%BD%D0%B5%D1%80,https://hh.ru/search/vacancy
224,Middle/Senior Python Developer (analytics),,https://hh.ru/vacancy/42426171?query=%D0%93%D0%B5%D0%B9%D0%BC%20%D0%94%D0%B8%D0%B7%D0%B0%D0%B9%D0%BD%D0%B5%D1%80,https://hh.ru/search/vacancy
225,Дизайнер игр/Game Designer,,https://hh.ru/vacancy/42204764?query=%D0%93%D0%B5%D0%B9%D0%BC%20%D0%94%D0%B8%D0%B7%D0%B0%D0%B9%D0%BD%D0%B5%D1%80,https://hh.ru/search/vacancy
226,Game UI/UX Specialist,,https://hh.ru/vacancy/42300252?query=%D0%93%D0%B5%D0%B9%D0%BC%20%D0%94%D0%B8%D0%B7%D0%B0%D0%B9%D0%BD%D0%B5%D1%80,https://hh.ru/search/vacancy
227,Lead 2D Artist,,https://hh.ru/vacancy/42316654?query=%D0%93%D0%B5%D0%B9%D0%BC%20%D0%94%D0%B8%D0%B7%D0%B0%D0%B9%D0%BD%D0%B5%D1%80,https://hh.ru/search/vacancy
228,2D Animator,,https://hh.ru/vacancy/42324634?query=%D0%93%D0%B5%D0%B9%D0%BC%20%D0%94%D0%B8%D0%B7%D0%B0%D0%B9%D0%BD%D0%B5%D1%80,https://hh.ru/search/vacancy
229,Senior Product Analyst (GameDev),,https://hh.ru/vacancy/42319120?query=%D0%93%D0%B5%D0%B9%D0%BC%20%D0%94%D0%B8%D0%B7%D0%B0%D0%B9%D0%BD%D0%B5%D1%80,https://hh.ru/search/vacancy
230,2D Animator,,https://hh.ru/vacancy/42325140?query=%D0%93%D0%B5%D0%B9%D0%BC%20%D0%94%D0%B8%D0%B7%D0%B0%D0%B9%D0%BD%D0%B5%D1%80,https://hh.ru/search/vacancy
231,Senior Game Designer (social farm),,https://hh.ru/vacancy/42211793?query=%D0%93%D0%B5%D0%B9%D0%BC%20%D0%94%D0%B8%D0%B7%D0%B0%D0%B9%D0%BD%D0%B5%D1%80,https://hh.ru/search/vacancy
232,Level Designer,,https://hh.ru/vacancy/42203665?query=%D0%93%D0%B5%D0%B9%D0%BC%20%D0%94%D0%B8%D0%B7%D0%B0%D0%B9%D0%BD%D0%B5%D1%80,https://hh.ru/search/vacancy
233,Level designer,,https://hh.ru/vacancy/42147990?query=%D0%93%D0%B5%D0%B9%D0%BC%20%D0%94%D0%B8%D0%B7%D0%B0%D0%B9%D0%BD%D0%B5%D1%80,https://hh.ru/search/vacancy
234,Level designer,,https://hh.ru/vacancy/42147991?query=%D0%93%D0%B5%D0%B9%D0%BC%20%D0%94%D0%B8%D0%B7%D0%B0%D0%B9%D0%BD%D0%B5%D1%80,https://hh.ru/search/vacancy
235,Старший дизайнер игр/Senior Game Designer,,https://hh.ru/vacancy/42204695?query=%D0%93%D0%B5%D0%B9%D0%BC%20%D0%94%D0%B8%D0%B7%D0%B0%D0%B9%D0%BD%D0%B5%D1%80,https://hh.ru/search/vacancy
236,Unity Developer,,https://hh.ru/vacancy/42235106?query=%D0%93%D0%B5%D0%B9%D0%BC%20%D0%94%D0%B8%D0%B7%D0%B0%D0%B9%D0%BD%D0%B5%D1%80,https://hh.ru/search/vacancy
237,Концепт-художник,40 000-70 000 руб.,https://hh.ru/vacancy/42173130?query=%D0%93%D0%B5%D0%B9%D0%BC%20%D0%94%D0%B8%D0%B7%D0%B0%D0%B9%D0%BD%D0%B5%D1%80,https://hh.ru/search/vacancy
238,Client/Frontend/Gameplay UE4 C++ Developer,от 170 000 руб.,https://hh.ru/vacancy/42319612?query=%D0%93%D0%B5%D0%B9%D0%BC%20%D0%94%D0%B8%D0%B7%D0%B0%D0%B9%D0%BD%D0%B5%D1%80,https://hh.ru/search/vacancy
239,Game Designer,120 000-200 000 руб.,https://hh.ru/vacancy/42156546?query=%D0%93%D0%B5%D0%B9%D0%BC%20%D0%94%D0%B8%D0%B7%D0%B0%D0%B9%D0%BD%D0%B5%D1%80,https://hh.ru/search/vacancy
240,2D художник по цвету,40 000-80 000 руб.,https://hh.ru/vacancy/42173272?query=%D0%93%D0%B5%D0%B9%D0%BC%20%D0%94%D0%B8%D0%B7%D0%B0%D0%B9%D0%BD%D0%B5%D1%80,https://hh.ru/search/vacancy
241,Гейм-дизайнер / Game Designer (BIT.GAMES),,https://hh.ru/vacancy/42087691?query=%D0%93%D0%B5%D0%B9%D0%BC%20%D0%94%D0%B8%D0%B7%D0%B0%D0%B9%D0%BD%D0%B5%D1%80,https://hh.ru/search/vacancy
242,IT-рекрутер,,https://hh.ru/vacancy/42323005?query=%D0%93%D0%B5%D0%B9%D0%BC%20%D0%94%D0%B8%D0%B7%D0%B0%D0%B9%D0%BD%D0%B5%D1%80,https://hh.ru/search/vacancy
243,3D Artist,,https://hh.ru/vacancy/42203533?query=%D0%93%D0%B5%D0%B9%D0%BC%20%D0%94%D0%B8%D0%B7%D0%B0%D0%B9%D0%BD%D0%B5%D1%80,https://hh.ru/search/vacancy
244,Level Artist,,https://hh.ru/vacancy/42204585?query=%D0%93%D0%B5%D0%B9%D0%BC%20%D0%94%D0%B8%D0%B7%D0%B0%D0%B9%D0%BD%D0%B5%D1%80,https://hh.ru/search/vacancy
245,"Game Designer, narrative (Mirrors of Albion)",,https://hh.ru/vacancy/42102350?query=%D0%93%D0%B5%D0%B9%D0%BC%20%D0%94%D0%B8%D0%B7%D0%B0%D0%B9%D0%BD%D0%B5%D1%80,https://hh.ru/search/vacancy
246,"Senior Game Designer (Balance) (Прага, Чехия)",от 2 500 USD,https://hh.ru/vacancy/42145928?query=%D0%93%D0%B5%D0%B9%D0%BC%20%D0%94%D0%B8%D0%B7%D0%B0%D0%B9%D0%BD%D0%B5%D1%80,https://hh.ru/search/vacancy
247,Senior/Lead Data Analyst,,https://hh.ru/vacancy/42325739?query=%D0%93%D0%B5%D0%B9%D0%BC%20%D0%94%D0%B8%D0%B7%D0%B0%D0%B9%D0%BD%D0%B5%D1%80,https://hh.ru/search/vacancy
248,Game designer,,https://hh.ru/vacancy/42301982?query=%D0%93%D0%B5%D0%B9%D0%BC%20%D0%94%D0%B8%D0%B7%D0%B0%D0%B9%D0%BD%D0%B5%D1%80,https://hh.ru/search/vacancy
249,Game Balance Designer,,https://hh.ru/vacancy/42151080?query=%D0%93%D0%B5%D0%B9%D0%BC%20%D0%94%D0%B8%D0%B7%D0%B0%D0%B9%D0%BD%D0%B5%D1%80,https://hh.ru/search/vacancy
250,Middle Game Designer (economy and monetization),,https://hh.ru/vacancy/42153890?query=%D0%93%D0%B5%D0%B9%D0%BC%20%D0%94%D0%B8%D0%B7%D0%B0%D0%B9%D0%BD%D0%B5%D1%80,https://hh.ru/search/vacancy
251,"Game Designer (UI, UE4-project)",,https://hh.ru/vacancy/42117985?query=%D0%93%D0%B5%D0%B9%D0%BC%20%D0%94%D0%B8%D0%B7%D0%B0%D0%B9%D0%BD%D0%B5%D1%80,https://hh.ru/search/vacancy
252,Lead Game Designer/ Lead Level designer Match-3,,https://hh.ru/vacancy/42037727?query=%D0%93%D0%B5%D0%B9%D0%BC%20%D0%94%D0%B8%D0%B7%D0%B0%D0%B9%D0%BD%D0%B5%D1%80,https://hh.ru/search/vacancy
253,Lead Game Designer/ Lead Level designer Match-3,,https://hh.ru/vacancy/40686170?query=%D0%93%D0%B5%D0%B9%D0%BC%20%D0%94%D0%B8%D0%B7%D0%B0%D0%B9%D0%BD%D0%B5%D1%80,https://hh.ru/search/vacancy
254,2d-художник/2d-artist,80 000-120 000 руб.,https://hh.ru/vacancy/42704050?query=%D0%93%D0%B5%D0%B9%D0%BC%20%D0%94%D0%B8%D0%B7%D0%B0%D0%B9%D0%BD%D0%B5%D1%80,https://hh.ru/search/vacancy
255,User Acquisition Manager (Retargeting),,https://hh.ru/vacancy/40705828?query=%D0%93%D0%B5%D0%B9%D0%BC%20%D0%94%D0%B8%D0%B7%D0%B0%D0%B9%D0%BD%D0%B5%D1%80,https://hh.ru/search/vacancy
256,Senior Level Designer,,https://hh.ru/vacancy/42096394?query=%D0%93%D0%B5%D0%B9%D0%BC%20%D0%94%D0%B8%D0%B7%D0%B0%D0%B9%D0%BD%D0%B5%D1%80,https://hh.ru/search/vacancy
257,Game Designer / Product Owner Only 1% - hyper casual games studio,,https://hh.ru/vacancy/42699338?query=%D0%93%D0%B5%D0%B9%D0%BC%20%D0%94%D0%B8%D0%B7%D0%B0%D0%B9%D0%BD%D0%B5%D1%80,https://hh.ru/search/vacancy
258,Team Lead Game Designer (Senior GD),,https://hh.ru/vacancy/39553068?query=%D0%93%D0%B5%D0%B9%D0%BC%20%D0%94%D0%B8%D0%B7%D0%B0%D0%B9%D0%BD%D0%B5%D1%80,https://hh.ru/search/vacancy
259,2D Spine animator (Casual),,https://hh.ru/vacancy/42713297?query=%D0%93%D0%B5%D0%B9%D0%BC%20%D0%94%D0%B8%D0%B7%D0%B0%D0%B9%D0%BD%D0%B5%D1%80,https://hh.ru/search/vacancy
260,Lead Game Designer (Treasure of Time),,https://hh.ru/vacancy/38724891?query=%D0%93%D0%B5%D0%B9%D0%BC%20%D0%94%D0%B8%D0%B7%D0%B0%D0%B9%D0%BD%D0%B5%D1%80,https://hh.ru/search/vacancy
261,Lead game designer,,https://hh.ru/vacancy/41117129?query=%D0%93%D0%B5%D0%B9%D0%BC%20%D0%94%D0%B8%D0%B7%D0%B0%D0%B9%D0%BD%D0%B5%D1%80,https://hh.ru/search/vacancy
262,Lighting Artist,,https://hh.ru/vacancy/42706720?query=%D0%93%D0%B5%D0%B9%D0%BC%20%D0%94%D0%B8%D0%B7%D0%B0%D0%B9%D0%BD%D0%B5%D1%80,https://hh.ru/search/vacancy
263,Senior Game Designer (Leading role) on AAA mobile project,,https://hh.ru/vacancy/42699370?query=%D0%93%D0%B5%D0%B9%D0%BC%20%D0%94%D0%B8%D0%B7%D0%B0%D0%B9%D0%BD%D0%B5%D1%80,https://hh.ru/search/vacancy
264,FX Artist / Animator (2D),,https://hh.ru/vacancy/40726252?query=%D0%93%D0%B5%D0%B9%D0%BC%20%D0%94%D0%B8%D0%B7%D0%B0%D0%B9%D0%BD%D0%B5%D1%80,https://hh.ru/search/vacancy
265,FX Artist / Animator (2D),,https://hh.ru/vacancy/40726253?query=%D0%93%D0%B5%D0%B9%D0%BC%20%D0%94%D0%B8%D0%B7%D0%B0%D0%B9%D0%BD%D0%B5%D1%80,https://hh.ru/search/vacancy
266,FX Artist / Animator (2D),,https://hh.ru/vacancy/40726254?query=%D0%93%D0%B5%D0%B9%D0%BC%20%D0%94%D0%B8%D0%B7%D0%B0%D0%B9%D0%BD%D0%B5%D1%80,https://hh.ru/search/vacancy
267,FX Artist / Animator (2D),,https://hh.ru/vacancy/40726255?query=%D0%93%D0%B5%D0%B9%D0%BC%20%D0%94%D0%B8%D0%B7%D0%B0%D0%B9%D0%BD%D0%B5%D1%80,https://hh.ru/search/vacancy
268,Нарративный гейм-дизайнер / Сценарист (junior),,https://hh.ru/vacancy/41971699?query=%D0%93%D0%B5%D0%B9%D0%BC%20%D0%94%D0%B8%D0%B7%D0%B0%D0%B9%D0%BD%D0%B5%D1%80,https://hh.ru/search/vacancy
269,Старший гейм-дизайнер (Zero City),,https://hh.ru/vacancy/37657556?query=%D0%93%D0%B5%D0%B9%D0%BC%20%D0%94%D0%B8%D0%B7%D0%B0%D0%B9%D0%BD%D0%B5%D1%80,https://hh.ru/search/vacancy
270,Technical Game Designer UE4 (Технический Гейм-дизайнер UE4),,https://hh.ru/vacancy/41696308?query=%D0%93%D0%B5%D0%B9%D0%BC%20%D0%94%D0%B8%D0%B7%D0%B0%D0%B9%D0%BD%D0%B5%D1%80,https://hh.ru/search/vacancy
271,PHP-программист,,https://hh.ru/vacancy/42736221?query=%D0%93%D0%B5%D0%B9%D0%BC%20%D0%94%D0%B8%D0%B7%D0%B0%D0%B9%D0%BD%D0%B5%D1%80,https://hh.ru/search/vacancy
272,Junior Game Designer (RTS) | Начинающий Геймдизайнер (РТС),,https://hh.ru/vacancy/42663672?query=%D0%93%D0%B5%D0%B9%D0%BC%20%D0%94%D0%B8%D0%B7%D0%B0%D0%B9%D0%BD%D0%B5%D1%80,https://hh.ru/search/vacancy
273,Продуктовый аналитик (MGVC),,https://hh.ru/vacancy/40598164?query=%D0%93%D0%B5%D0%B9%D0%BC%20%D0%94%D0%B8%D0%B7%D0%B0%D0%B9%D0%BD%D0%B5%D1%80,https://hh.ru/search/vacancy
274,Game Designer Hero Wars,,https://hh.ru/vacancy/41437141?query=%D0%93%D0%B5%D0%B9%D0%BC%20%D0%94%D0%B8%D0%B7%D0%B0%D0%B9%D0%BD%D0%B5%D1%80,https://hh.ru/search/vacancy
275,Junior Game Designer (RTS)/Начинающий Геймдизайнер (РТС),,https://hh.ru/vacancy/42663671?query=%D0%93%D0%B5%D0%B9%D0%BC%20%D0%94%D0%B8%D0%B7%D0%B0%D0%B9%D0%BD%D0%B5%D1%80,https://hh.ru/search/vacancy
276,Game Designer (геймдизайнер),,https://hh.ru/vacancy/42620263?query=%D0%93%D0%B5%D0%B9%D0%BC%20%D0%94%D0%B8%D0%B7%D0%B0%D0%B9%D0%BD%D0%B5%D1%80,https://hh.ru/search/vacancy
277,User Acquisition Manager (Retargeting),,https://hh.ru/vacancy/39251441?query=%D0%93%D0%B5%D0%B9%D0%BC%20%D0%94%D0%B8%D0%B7%D0%B0%D0%B9%D0%BD%D0%B5%D1%80,https://hh.ru/search/vacancy
278,Level Designer UE4 (Дизайнер рівнів UE4),,https://hh.ru/vacancy/42631412?query=%D0%93%D0%B5%D0%B9%D0%BC%20%D0%94%D0%B8%D0%B7%D0%B0%D0%B9%D0%BD%D0%B5%D1%80,https://hh.ru/search/vacancy
279,Level Designer UE4 (Дизайнер уровней UE4),,https://hh.ru/vacancy/42629859?query=%D0%93%D0%B5%D0%B9%D0%BC%20%D0%94%D0%B8%D0%B7%D0%B0%D0%B9%D0%BD%D0%B5%D1%80,https://hh.ru/search/vacancy
280,Level Designer UE4 (Дизайнер уровней UE4),,https://hh.ru/vacancy/42629817?query=%D0%93%D0%B5%D0%B9%D0%BC%20%D0%94%D0%B8%D0%B7%D0%B0%D0%B9%D0%BD%D0%B5%D1%80,https://hh.ru/search/vacancy
281,Game Designer (Middle),50 000-90 000 руб.,https://hh.ru/vacancy/42661790?query=%D0%93%D0%B5%D0%B9%D0%BC%20%D0%94%D0%B8%D0%B7%D0%B0%D0%B9%D0%BD%D0%B5%D1%80,https://hh.ru/search/vacancy
282,"Java-разработчик (MY.GAMES, студия Whalekit)",,https://hh.ru/vacancy/37953313?query=%D0%93%D0%B5%D0%B9%D0%BC%20%D0%94%D0%B8%D0%B7%D0%B0%D0%B9%D0%BD%D0%B5%D1%80,https://hh.ru/search/vacancy
283,Software Tool Engineer (Java),,https://hh.ru/vacancy/42735072?query=%D0%93%D0%B5%D0%B9%D0%BC%20%D0%94%D0%B8%D0%B7%D0%B0%D0%B9%D0%BD%D0%B5%D1%80,https://hh.ru/search/vacancy
284,Game Designer,,https://hh.ru/vacancy/42630524?query=%D0%93%D0%B5%D0%B9%D0%BC%20%D0%94%D0%B8%D0%B7%D0%B0%D0%B9%D0%BD%D0%B5%D1%80,https://hh.ru/search/vacancy
285,Ведущий геймдизайнер / Lead Game Designer,,https://hh.ru/vacancy/41555153?query=%D0%93%D0%B5%D0%B9%D0%BC%20%D0%94%D0%B8%D0%B7%D0%B0%D0%B9%D0%BD%D0%B5%D1%80,https://hh.ru/search/vacancy
286,Ведущий Гейм-дизайнер (Senior Game Designer),до 150 000 руб.,https://hh.ru/vacancy/42699318?query=%D0%93%D0%B5%D0%B9%D0%BC%20%D0%94%D0%B8%D0%B7%D0%B0%D0%B9%D0%BD%D0%B5%D1%80,https://hh.ru/search/vacancy
287,Lead Game Designer,,https://hh.ru/vacancy/42663410?query=%D0%93%D0%B5%D0%B9%D0%BC%20%D0%94%D0%B8%D0%B7%D0%B0%D0%B9%D0%BD%D0%B5%D1%80,https://hh.ru/search/vacancy
288,Младший гейм-дизайнер/сценарист,от 30 000 руб.,https://hh.ru/vacancy/42585663?query=%D0%93%D0%B5%D0%B9%D0%BC%20%D0%94%D0%B8%D0%B7%D0%B0%D0%B9%D0%BD%D0%B5%D1%80,https://hh.ru/search/vacancy
289,Lead Game Designer (Card Battler),,https://hh.ru/vacancy/42647971?query=%D0%93%D0%B5%D0%B9%D0%BC%20%D0%94%D0%B8%D0%B7%D0%B0%D0%B9%D0%BD%D0%B5%D1%80,https://hh.ru/search/vacancy
290,Lead Game Designer (Card Battler),,https://hh.ru/vacancy/42647972?query=%D0%93%D0%B5%D0%B9%D0%BC%20%D0%94%D0%B8%D0%B7%D0%B0%D0%B9%D0%BD%D0%B5%D1%80,https://hh.ru/search/vacancy
291,Lead Game Designer (Card Battler),,https://hh.ru/vacancy/42647973?query=%D0%93%D0%B5%D0%B9%D0%BC%20%D0%94%D0%B8%D0%B7%D0%B0%D0%B9%D0%BD%D0%B5%D1%80,https://hh.ru/search/vacancy
292,Lead Game Designer (Card Battler),,https://hh.ru/vacancy/42647974?query=%D0%93%D0%B5%D0%B9%D0%BC%20%D0%94%D0%B8%D0%B7%D0%B0%D0%B9%D0%BD%D0%B5%D1%80,https://hh.ru/search/vacancy
293,3D моделлер-аниматор игровых приложений (GameDev),40 000-60 000 руб.,https://hh.ru/vacancy/42626739?query=%D0%93%D0%B5%D0%B9%D0%BC%20%D0%94%D0%B8%D0%B7%D0%B0%D0%B9%D0%BD%D0%B5%D1%80,https://hh.ru/search/vacancy
294,Project Coordinator (Game Design & Analytics),,https://hh.ru/vacancy/42664473?query=%D0%93%D0%B5%D0%B9%D0%BC%20%D0%94%D0%B8%D0%B7%D0%B0%D0%B9%D0%BD%D0%B5%D1%80,https://hh.ru/search/vacancy
295,2D аниматор,45 000-60 000 руб.,https://hh.ru/vacancy/42422872?query=%D0%93%D0%B5%D0%B9%D0%BC%20%D0%94%D0%B8%D0%B7%D0%B0%D0%B9%D0%BD%D0%B5%D1%80,https://hh.ru/search/vacancy
296,Designer / Tech Artist (GameDev),от 100 000 руб.,https://hh.ru/vacancy/42740350?query=%D0%93%D0%B5%D0%B9%D0%BC%20%D0%94%D0%B8%D0%B7%D0%B0%D0%B9%D0%BD%D0%B5%D1%80,https://hh.ru/search/vacancy
297,Middle Game Designer,,https://hh.ru/vacancy/38088453?query=%D0%93%D0%B5%D0%B9%D0%BC%20%D0%94%D0%B8%D0%B7%D0%B0%D0%B9%D0%BD%D0%B5%D1%80,https://hh.ru/search/vacancy
298,Senior Game designer (balance),,https://hh.ru/vacancy/42008319?query=%D0%93%D0%B5%D0%B9%D0%BC%20%D0%94%D0%B8%D0%B7%D0%B0%D0%B9%D0%BD%D0%B5%D1%80,https://hh.ru/search/vacancy
299,Lead Game Designer (core gameplay),,https://hh.ru/vacancy/42597768?query=%D0%93%D0%B5%D0%B9%D0%BC%20%D0%94%D0%B8%D0%B7%D0%B0%D0%B9%D0%BD%D0%B5%D1%80,https://hh.ru/search/vacancy
300,Lead Game Designer (core gameplay),,https://hh.ru/vacancy/42597776?query=%D0%93%D0%B5%D0%B9%D0%BC%20%D0%94%D0%B8%D0%B7%D0%B0%D0%B9%D0%BD%D0%B5%D1%80,https://hh.ru/search/vacancy
301,Head of Game Design Department,,https://hh.ru/vacancy/42597751?query=%D0%93%D0%B5%D0%B9%D0%BC%20%D0%94%D0%B8%D0%B7%D0%B0%D0%B9%D0%BD%D0%B5%D1%80,https://hh.ru/search/vacancy
302,Head of Game Design Department,,https://hh.ru/vacancy/42597700?query=%D0%93%D0%B5%D0%B9%D0%BC%20%D0%94%D0%B8%D0%B7%D0%B0%D0%B9%D0%BD%D0%B5%D1%80,https://hh.ru/search/vacancy
303,Lead Level Designer AAA-шутер,,https://hh.ru/vacancy/42590302?query=%D0%93%D0%B5%D0%B9%D0%BC%20%D0%94%D0%B8%D0%B7%D0%B0%D0%B9%D0%BD%D0%B5%D1%80,https://hh.ru/search/vacancy
304,Продюсер по монетизации (gamedev),,https://hh.ru/vacancy/42617124?query=%D0%93%D0%B5%D0%B9%D0%BC%20%D0%94%D0%B8%D0%B7%D0%B0%D0%B9%D0%BD%D0%B5%D1%80,https://hh.ru/search/vacancy
305,3D Character Artist,,https://hh.ru/vacancy/42579470?query=%D0%93%D0%B5%D0%B9%D0%BC%20%D0%94%D0%B8%D0%B7%D0%B0%D0%B9%D0%BD%D0%B5%D1%80,https://hh.ru/search/vacancy
306,Game Designer,,https://hh.ru/vacancy/40717273?query=%D0%93%D0%B5%D0%B9%D0%BC%20%D0%94%D0%B8%D0%B7%D0%B0%D0%B9%D0%BD%D0%B5%D1%80,https://hh.ru/search/vacancy
307,Unity разработчик,,https://hh.ru/vacancy/40537458?query=%D0%93%D0%B5%D0%B9%D0%BC%20%D0%94%D0%B8%D0%B7%D0%B0%D0%B9%D0%BD%D0%B5%D1%80,https://hh.ru/search/vacancy
308,Level-designer,,https://hh.ru/vacancy/41459963?query=%D0%93%D0%B5%D0%B9%D0%BC%20%D0%94%D0%B8%D0%B7%D0%B0%D0%B9%D0%BD%D0%B5%D1%80,https://hh.ru/search/vacancy
309,FX Artist / Animator (2D),,https://hh.ru/vacancy/37900911?query=%D0%93%D0%B5%D0%B9%D0%BC%20%D0%94%D0%B8%D0%B7%D0%B0%D0%B9%D0%BD%D0%B5%D1%80,https://hh.ru/search/vacancy
310,FX Artist / Animator (2D),,https://hh.ru/vacancy/37900912?query=%D0%93%D0%B5%D0%B9%D0%BC%20%D0%94%D0%B8%D0%B7%D0%B0%D0%B9%D0%BD%D0%B5%D1%80,https://hh.ru/search/vacancy
311,FX Artist / Animator (2D),,https://hh.ru/vacancy/37900913?query=%D0%93%D0%B5%D0%B9%D0%BC%20%D0%94%D0%B8%D0%B7%D0%B0%D0%B9%D0%BD%D0%B5%D1%80,https://hh.ru/search/vacancy
312,Senior Game Designer,,https://hh.ru/vacancy/42555582?query=%D0%93%D0%B5%D0%B9%D0%BC%20%D0%94%D0%B8%D0%B7%D0%B0%D0%B9%D0%BD%D0%B5%D1%80,https://hh.ru/search/vacancy
313,Lead Game Designer,,https://hh.ru/vacancy/42557050?query=%D0%93%D0%B5%D0%B9%D0%BC%20%D0%94%D0%B8%D0%B7%D0%B0%D0%B9%D0%BD%D0%B5%D1%80,https://hh.ru/search/vacancy
314,Гейм-дизайнер / Game Designer (Hawk: Freedom Squadron),,https://hh.ru/vacancy/41851739?query=%D0%93%D0%B5%D0%B9%D0%BC%20%D0%94%D0%B8%D0%B7%D0%B0%D0%B9%D0%BD%D0%B5%D1%80,https://hh.ru/search/vacancy
315,Game Designer,,https://hh.ru/vacancy/42521049?query=%D0%93%D0%B5%D0%B9%D0%BC%20%D0%94%D0%B8%D0%B7%D0%B0%D0%B9%D0%BD%D0%B5%D1%80,https://hh.ru/search/vacancy
316,Game Artist,,https://hh.ru/vacancy/38841001?query=%D0%93%D0%B5%D0%B9%D0%BC%20%D0%94%D0%B8%D0%B7%D0%B0%D0%B9%D0%BD%D0%B5%D1%80,https://hh.ru/search/vacancy
317,Lua-разработчик (MY.GAMES),,https://hh.ru/vacancy/40929558?query=%D0%93%D0%B5%D0%B9%D0%BC%20%D0%94%D0%B8%D0%B7%D0%B0%D0%B9%D0%BD%D0%B5%D1%80,https://hh.ru/search/vacancy
318,Lead Game Designer (economy and monetization),,https://hh.ru/vacancy/41839284?query=%D0%93%D0%B5%D0%B9%D0%BC%20%D0%94%D0%B8%D0%B7%D0%B0%D0%B9%D0%BD%D0%B5%D1%80,https://hh.ru/search/vacancy
319,Lead Game Designer (economy and monetization),,https://hh.ru/vacancy/41839395?query=%D0%93%D0%B5%D0%B9%D0%BC%20%D0%94%D0%B8%D0%B7%D0%B0%D0%B9%D0%BD%D0%B5%D1%80,https://hh.ru/search/vacancy
320,Старший программист игровой логики С++/Lua (MGVC),,https://hh.ru/vacancy/39592182?query=%D0%93%D0%B5%D0%B9%D0%BC%20%D0%94%D0%B8%D0%B7%D0%B0%D0%B9%D0%BD%D0%B5%D1%80,https://hh.ru/search/vacancy
321,Сценарист / нарративный дизайнер,,https://hh.ru/vacancy/42482242?query=%D0%93%D0%B5%D0%B9%D0%BC%20%D0%94%D0%B8%D0%B7%D0%B0%D0%B9%D0%BD%D0%B5%D1%80,https://hh.ru/search/vacancy
322,User Acquisition Manager (Retargeting),,https://hh.ru/vacancy/41142621?query=%D0%93%D0%B5%D0%B9%D0%BC%20%D0%94%D0%B8%D0%B7%D0%B0%D0%B9%D0%BD%D0%B5%D1%80,https://hh.ru/search/vacancy
323,Producer,,https://hh.ru/vacancy/41815466?query=%D0%93%D0%B5%D0%B9%D0%BC%20%D0%94%D0%B8%D0%B7%D0%B0%D0%B9%D0%BD%D0%B5%D1%80,https://hh.ru/search/vacancy
324,Producer,,https://hh.ru/vacancy/41815467?query=%D0%93%D0%B5%D0%B9%D0%BC%20%D0%94%D0%B8%D0%B7%D0%B0%D0%B9%D0%BD%D0%B5%D1%80,https://hh.ru/search/vacancy
325,Producer,,https://hh.ru/vacancy/41815468?query=%D0%93%D0%B5%D0%B9%D0%BC%20%D0%94%D0%B8%D0%B7%D0%B0%D0%B9%D0%BD%D0%B5%D1%80,https://hh.ru/search/vacancy
326,Producer,,https://hh.ru/vacancy/41815469?query=%D0%93%D0%B5%D0%B9%D0%BC%20%D0%94%D0%B8%D0%B7%D0%B0%D0%B9%D0%BD%D0%B5%D1%80,https://hh.ru/search/vacancy
327,Producer,,https://hh.ru/vacancy/41815470?query=%D0%93%D0%B5%D0%B9%D0%BC%20%D0%94%D0%B8%D0%B7%D0%B0%D0%B9%D0%BD%D0%B5%D1%80,https://hh.ru/search/vacancy
328,Producer,,https://hh.ru/vacancy/41815471?query=%D0%93%D0%B5%D0%B9%D0%BC%20%D0%94%D0%B8%D0%B7%D0%B0%D0%B9%D0%BD%D0%B5%D1%80,https://hh.ru/search/vacancy
329,Middle Game Designer,до 110 000 руб.,https://hh.ru/vacancy/42482961?query=%D0%93%D0%B5%D0%B9%D0%BC%20%D0%94%D0%B8%D0%B7%D0%B0%D0%B9%D0%BD%D0%B5%D1%80,https://hh.ru/search/vacancy
330,"Game Designer (Middle,Senior)",,https://hh.ru/vacancy/40444356?query=%D0%93%D0%B5%D0%B9%D0%BC%20%D0%94%D0%B8%D0%B7%D0%B0%D0%B9%D0%BD%D0%B5%D1%80,https://hh.ru/search/vacancy
331,Game Designer Middle/Senior (Гейм-дизайнер),,https://hh.ru/vacancy/42379926?query=%D0%93%D0%B5%D0%B9%D0%BC%20%D0%94%D0%B8%D0%B7%D0%B0%D0%B9%D0%BD%D0%B5%D1%80,https://hh.ru/search/vacancy
332,Level Artist,,https://hh.ru/vacancy/42204585?query=%D0%93%D0%B5%D0%B9%D0%BC%20%D0%94%D0%B8%D0%B7%D0%B0%D0%B9%D0%BD%D0%B5%D1%80,https://hh.ru/search/vacancy
333,"Game Designer (Middle,Senior)",,https://hh.ru/vacancy/40444357?query=%D0%93%D0%B5%D0%B9%D0%BC%20%D0%94%D0%B8%D0%B7%D0%B0%D0%B9%D0%BD%D0%B5%D1%80,https://hh.ru/search/vacancy
334,"Game Designer (Middle,Senior)",,https://hh.ru/vacancy/40444358?query=%D0%93%D0%B5%D0%B9%D0%BC%20%D0%94%D0%B8%D0%B7%D0%B0%D0%B9%D0%BD%D0%B5%D1%80,https://hh.ru/search/vacancy
335,Technical Game Designer UE4 (Технический Гейм-дизайнер UE4),,https://hh.ru/vacancy/41695345?query=%D0%93%D0%B5%D0%B9%D0%BC%20%D0%94%D0%B8%D0%B7%D0%B0%D0%B9%D0%BD%D0%B5%D1%80,https://hh.ru/search/vacancy
336,Technical Game Designer UE4 (Технический Гейм-дизайнер UE4),,https://hh.ru/vacancy/41695461?query=%D0%93%D0%B5%D0%B9%D0%BC%20%D0%94%D0%B8%D0%B7%D0%B0%D0%B9%D0%BD%D0%B5%D1%80,https://hh.ru/search/vacancy
337,Middle Game Designer,,https://hh.ru/vacancy/42447443?query=%D0%93%D0%B5%D0%B9%D0%BC%20%D0%94%D0%B8%D0%B7%D0%B0%D0%B9%D0%BD%D0%B5%D1%80,https://hh.ru/search/vacancy
338,Producer / Продюсер (gamedev),,https://hh.ru/vacancy/42494843?query=%D0%93%D0%B5%D0%B9%D0%BC%20%D0%94%D0%B8%D0%B7%D0%B0%D0%B9%D0%BD%D0%B5%D1%80,https://hh.ru/search/vacancy
339,Junior Game Designer / Младший геймдизайнер,,https://hh.ru/vacancy/42397428?query=%D0%93%D0%B5%D0%B9%D0%BC%20%D0%94%D0%B8%D0%B7%D0%B0%D0%B9%D0%BD%D0%B5%D1%80,https://hh.ru/search/vacancy
340,Middle Game Designer,,https://hh.ru/vacancy/42447401?query=%D0%93%D0%B5%D0%B9%D0%BC%20%D0%94%D0%B8%D0%B7%D0%B0%D0%B9%D0%BD%D0%B5%D1%80,https://hh.ru/search/vacancy
341,Младший разработчик (MY.GAMES),,https://hh.ru/vacancy/42032404?query=%D0%93%D0%B5%D0%B9%D0%BC%20%D0%94%D0%B8%D0%B7%D0%B0%D0%B9%D0%BD%D0%B5%D1%80,https://hh.ru/search/vacancy
342,Level Designer,,https://hh.ru/vacancy/42203665?query=%D0%93%D0%B5%D0%B9%D0%BC%20%D0%94%D0%B8%D0%B7%D0%B0%D0%B9%D0%BD%D0%B5%D1%80,https://hh.ru/search/vacancy
343,Junior Game Designer (LiveOps),,https://hh.ru/vacancy/42414701?query=%D0%93%D0%B5%D0%B9%D0%BC%20%D0%94%D0%B8%D0%B7%D0%B0%D0%B9%D0%BD%D0%B5%D1%80,https://hh.ru/search/vacancy
344,Marketing Motion Designer (3D),,https://hh.ru/vacancy/41074213?query=%D0%93%D0%B5%D0%B9%D0%BC%20%D0%94%D0%B8%D0%B7%D0%B0%D0%B9%D0%BD%D0%B5%D1%80,https://hh.ru/search/vacancy
345,Technical Game Designer,,https://hh.ru/vacancy/42397698?query=%D0%93%D0%B5%D0%B9%D0%BC%20%D0%94%D0%B8%D0%B7%D0%B0%D0%B9%D0%BD%D0%B5%D1%80,https://hh.ru/search/vacancy
346,Technical Game Designer,,https://hh.ru/vacancy/42397699?query=%D0%93%D0%B5%D0%B9%D0%BC%20%D0%94%D0%B8%D0%B7%D0%B0%D0%B9%D0%BD%D0%B5%D1%80,https://hh.ru/search/vacancy
347,Technical Game Designer,,https://hh.ru/vacancy/42397700?query=%D0%93%D0%B5%D0%B9%D0%BC%20%D0%94%D0%B8%D0%B7%D0%B0%D0%B9%D0%BD%D0%B5%D1%80,https://hh.ru/search/vacancy
348,"Game designer (Москва, Санкт-Петербург, Казань, Харьков, Минск, Гомель, Калуга, Ульяновск)",,https://hh.ru/vacancy/40975400?query=%D0%93%D0%B5%D0%B9%D0%BC%20%D0%94%D0%B8%D0%B7%D0%B0%D0%B9%D0%BD%D0%B5%D1%80,https://hh.ru/search/vacancy
349,Lead Game Designer,,https://hh.ru/vacancy/42393789?query=%D0%93%D0%B5%D0%B9%D0%BC%20%D0%94%D0%B8%D0%B7%D0%B0%D0%B9%D0%BD%D0%B5%D1%80,https://hh.ru/search/vacancy
350,Level Artist,,https://hh.ru/vacancy/42423642?query=%D0%93%D0%B5%D0%B9%D0%BC%20%D0%94%D0%B8%D0%B7%D0%B0%D0%B9%D0%BD%D0%B5%D1%80,https://hh.ru/search/vacancy
351,Marketing Motion Designer (2D),,https://hh.ru/vacancy/41074209?query=%D0%93%D0%B5%D0%B9%D0%BC%20%D0%94%D0%B8%D0%B7%D0%B0%D0%B9%D0%BD%D0%B5%D1%80,https://hh.ru/search/vacancy
352,UI Technical Artist (UI Технический художник),,https://hh.ru/vacancy/42386792?query=%D0%93%D0%B5%D0%B9%D0%BC%20%D0%94%D0%B8%D0%B7%D0%B0%D0%B9%D0%BD%D0%B5%D1%80,https://hh.ru/search/vacancy
353,UI Technical Artist / UI Технический художник,,https://hh.ru/vacancy/42386808?query=%D0%93%D0%B5%D0%B9%D0%BC%20%D0%94%D0%B8%D0%B7%D0%B0%D0%B9%D0%BD%D0%B5%D1%80,https://hh.ru/search/vacancy
354,UI Technical Artist (UI Технический художник),,https://hh.ru/vacancy/42386782?query=%D0%93%D0%B5%D0%B9%D0%BC%20%D0%94%D0%B8%D0%B7%D0%B0%D0%B9%D0%BD%D0%B5%D1%80,https://hh.ru/search/vacancy
355,Lead Game Designer/Producer,от 250 000 руб.,https://hh.ru/vacancy/42385993?query=%D0%93%D0%B5%D0%B9%D0%BC%20%D0%94%D0%B8%D0%B7%D0%B0%D0%B9%D0%BD%D0%B5%D1%80,https://hh.ru/search/vacancy
356,Lead Game Designer,,https://hh.ru/vacancy/42375063?query=%D0%93%D0%B5%D0%B9%D0%BC%20%D0%94%D0%B8%D0%B7%D0%B0%D0%B9%D0%BD%D0%B5%D1%80,https://hh.ru/search/vacancy
357,Lead Game Designer,,https://hh.ru/vacancy/42375111?query=%D0%93%D0%B5%D0%B9%D0%BC%20%D0%94%D0%B8%D0%B7%D0%B0%D0%B9%D0%BD%D0%B5%D1%80,https://hh.ru/search/vacancy
358,Lead Game Designer,,https://hh.ru/vacancy/42375036?query=%D0%93%D0%B5%D0%B9%D0%BC%20%D0%94%D0%B8%D0%B7%D0%B0%D0%B9%D0%BD%D0%B5%D1%80,https://hh.ru/search/vacancy
359,Lead Game Designer,,https://hh.ru/vacancy/42375008?query=%D0%93%D0%B5%D0%B9%D0%BC%20%D0%94%D0%B8%D0%B7%D0%B0%D0%B9%D0%BD%D0%B5%D1%80,https://hh.ru/search/vacancy
360,Разработчик серверных приложений на Java,,https://hh.ru/vacancy/37498081?query=%D0%93%D0%B5%D0%B9%D0%BC%20%D0%94%D0%B8%D0%B7%D0%B0%D0%B9%D0%BD%D0%B5%D1%80,https://hh.ru/search/vacancy
361,Lead Gameplay Programmer,,https://hh.ru/vacancy/42475308?query=%D0%93%D0%B5%D0%B9%D0%BC%20%D0%94%D0%B8%D0%B7%D0%B0%D0%B9%D0%BD%D0%B5%D1%80,https://hh.ru/search/vacancy
362,Lead 2D Artist,,https://hh.ru/vacancy/42374647?query=%D0%93%D0%B5%D0%B9%D0%BC%20%D0%94%D0%B8%D0%B7%D0%B0%D0%B9%D0%BD%D0%B5%D1%80,https://hh.ru/search/vacancy
363,Lead 2D Artist,,https://hh.ru/vacancy/42374771?query=%D0%93%D0%B5%D0%B9%D0%BC%20%D0%94%D0%B8%D0%B7%D0%B0%D0%B9%D0%BD%D0%B5%D1%80,https://hh.ru/search/vacancy
364,Lead 2D Artist,,https://hh.ru/vacancy/42374546?query=%D0%93%D0%B5%D0%B9%D0%BC%20%D0%94%D0%B8%D0%B7%D0%B0%D0%B9%D0%BD%D0%B5%D1%80,https://hh.ru/search/vacancy
365,Narrative Designer (Casual),,https://hh.ru/vacancy/42345283?query=%D0%93%D0%B5%D0%B9%D0%BC%20%D0%94%D0%B8%D0%B7%D0%B0%D0%B9%D0%BD%D0%B5%D1%80,https://hh.ru/search/vacancy
366,Narrative Designer (Casual),,https://hh.ru/vacancy/42345284?query=%D0%93%D0%B5%D0%B9%D0%BC%20%D0%94%D0%B8%D0%B7%D0%B0%D0%B9%D0%BD%D0%B5%D1%80,https://hh.ru/search/vacancy
367,3D Artist,,https://hh.ru/vacancy/42203533?query=%D0%93%D0%B5%D0%B9%D0%BC%20%D0%94%D0%B8%D0%B7%D0%B0%D0%B9%D0%BD%D0%B5%D1%80,https://hh.ru/search/vacancy
368,Game designer (math),400-1 000 USD,https://hh.ru/vacancy/42306875?query=%D0%93%D0%B5%D0%B9%D0%BC%20%D0%94%D0%B8%D0%B7%D0%B0%D0%B9%D0%BD%D0%B5%D1%80,https://hh.ru/search/vacancy
369,VFX Artist (2D),,https://hh.ru/vacancy/42363734?query=%D0%93%D0%B5%D0%B9%D0%BC%20%D0%94%D0%B8%D0%B7%D0%B0%D0%B9%D0%BD%D0%B5%D1%80,https://hh.ru/search/vacancy
370,Middle C# Unity Developer,80 000-130 000 руб.,https://hh.ru/vacancy/42006047?query=%D0%93%D0%B5%D0%B9%D0%BC%20%D0%94%D0%B8%D0%B7%D0%B0%D0%B9%D0%BD%D0%B5%D1%80,https://hh.ru/search/vacancy
371,Game Designer (Remote),,https://hh.ru/vacancy/42357715?query=%D0%93%D0%B5%D0%B9%D0%BC%20%D0%94%D0%B8%D0%B7%D0%B0%D0%B9%D0%BD%D0%B5%D1%80,https://hh.ru/search/vacancy
372,Project Manager/Game Designer,50 000-100 000 руб.,https://hh.ru/vacancy/42313934?query=%D0%93%D0%B5%D0%B9%D0%BC%20%D0%94%D0%B8%D0%B7%D0%B0%D0%B9%D0%BD%D0%B5%D1%80,https://hh.ru/search/vacancy
373,3D Animator (Senior),,https://hh.ru/vacancy/41562672?query=%D0%93%D0%B5%D0%B9%D0%BC%20%D0%94%D0%B8%D0%B7%D0%B0%D0%B9%D0%BD%D0%B5%D1%80,https://hh.ru/search/vacancy
374,2d Artist,,https://hh.ru/vacancy/42331553?query=%D0%93%D0%B5%D0%B9%D0%BC%20%D0%94%D0%B8%D0%B7%D0%B0%D0%B9%D0%BD%D0%B5%D1%80,https://hh.ru/search/vacancy
375,UI/UX designer,,https://hh.ru/vacancy/42343609?query=%D0%93%D0%B5%D0%B9%D0%BC%20%D0%94%D0%B8%D0%B7%D0%B0%D0%B9%D0%BD%D0%B5%D1%80,https://hh.ru/search/vacancy
376,Видеомонтажер / Видеодизайнер,,https://hh.ru/vacancy/42307409?query=%D0%93%D0%B5%D0%B9%D0%BC%20%D0%94%D0%B8%D0%B7%D0%B0%D0%B9%D0%BD%D0%B5%D1%80,https://hh.ru/search/vacancy
377,2d Artist,,https://hh.ru/vacancy/42331994?query=%D0%93%D0%B5%D0%B9%D0%BC%20%D0%94%D0%B8%D0%B7%D0%B0%D0%B9%D0%BD%D0%B5%D1%80,https://hh.ru/search/vacancy
378,2d Artist,,https://hh.ru/vacancy/42331995?query=%D0%93%D0%B5%D0%B9%D0%BC%20%D0%94%D0%B8%D0%B7%D0%B0%D0%B9%D0%BD%D0%B5%D1%80,https://hh.ru/search/vacancy
379,2d Artist,,https://hh.ru/vacancy/42331996?query=%D0%93%D0%B5%D0%B9%D0%BC%20%D0%94%D0%B8%D0%B7%D0%B0%D0%B9%D0%BD%D0%B5%D1%80,https://hh.ru/search/vacancy
380,2d Artist,,https://hh.ru/vacancy/42331999?query=%D0%93%D0%B5%D0%B9%D0%BC%20%D0%94%D0%B8%D0%B7%D0%B0%D0%B9%D0%BD%D0%B5%D1%80,https://hh.ru/search/vacancy
381,Middle Game Designer,,https://hh.ru/vacancy/42325443?query=%D0%93%D0%B5%D0%B9%D0%BC%20%D0%94%D0%B8%D0%B7%D0%B0%D0%B9%D0%BD%D0%B5%D1%80,https://hh.ru/search/vacancy
382,Lead 3D Artist,,https://hh.ru/vacancy/42334540?query=%D0%93%D0%B5%D0%B9%D0%BC%20%D0%94%D0%B8%D0%B7%D0%B0%D0%B9%D0%BD%D0%B5%D1%80,https://hh.ru/search/vacancy
383,Middle/Senior Python Developer (analytics),,https://hh.ru/vacancy/42426171?query=%D0%93%D0%B5%D0%B9%D0%BC%20%D0%94%D0%B8%D0%B7%D0%B0%D0%B9%D0%BD%D0%B5%D1%80,https://hh.ru/search/vacancy
384,Lead 2D Artist,,https://hh.ru/vacancy/42316654?query=%D0%93%D0%B5%D0%B9%D0%BC%20%D0%94%D0%B8%D0%B7%D0%B0%D0%B9%D0%BD%D0%B5%D1%80,https://hh.ru/search/vacancy
385,2D Animator,,https://hh.ru/vacancy/42324634?query=%D0%93%D0%B5%D0%B9%D0%BC%20%D0%94%D0%B8%D0%B7%D0%B0%D0%B9%D0%BD%D0%B5%D1%80,https://hh.ru/search/vacancy
386,Senior/Lead Data Analyst,,https://hh.ru/vacancy/42325739?query=%D0%93%D0%B5%D0%B9%D0%BC%20%D0%94%D0%B8%D0%B7%D0%B0%D0%B9%D0%BD%D0%B5%D1%80,https://hh.ru/search/vacancy
387,Senior QA-Engineer,90 000-150 000 руб.,https://hh.ru/vacancy/41917785?query=%D0%93%D0%B5%D0%B9%D0%BC%20%D0%94%D0%B8%D0%B7%D0%B0%D0%B9%D0%BD%D0%B5%D1%80,https://hh.ru/search/vacancy
388,Unity 3D Developer (C#),,https://hh.ru/vacancy/42922184?query=%D0%93%D0%B5%D0%B9%D0%BC%20%D0%94%D0%B8%D0%B7%D0%B0%D0%B9%D0%BD%D0%B5%D1%80,https://hh.ru/search/vacancy
389,Game Designer,,https://hh.ru/vacancy/42117624?query=%D0%93%D0%B5%D0%B9%D0%BC%20%D0%94%D0%B8%D0%B7%D0%B0%D0%B9%D0%BD%D0%B5%D1%80,https://hh.ru/search/vacancy
390,Game Designer,,https://hh.ru/vacancy/42626207?query=%D0%93%D0%B5%D0%B9%D0%BC%20%D0%94%D0%B8%D0%B7%D0%B0%D0%B9%D0%BD%D0%B5%D1%80,https://hh.ru/search/vacancy
391,Игровой Аналитик / Аналитик мобильных приложений,,https://hh.ru/vacancy/42677888?query=%D0%93%D0%B5%D0%B9%D0%BC%20%D0%94%D0%B8%D0%B7%D0%B0%D0%B9%D0%BD%D0%B5%D1%80,https://hh.ru/search/vacancy
392,Game Producer (Flime by Gismart),,https://hh.ru/vacancy/42393942?query=%D0%93%D0%B5%D0%B9%D0%BC%20%D0%94%D0%B8%D0%B7%D0%B0%D0%B9%D0%BD%D0%B5%D1%80,https://hh.ru/search/vacancy
